,Player,Season,BA,SLG,launch_angle,sweet_spot_percentage,max_ev,average_ev,fly_ball_line_drive_ev,ground_ball_ev,max_distance,average_distance,average_homerun,hard_hit_95mph+,hard_hit_percentage,hard_hit_swing_percentage,total_barrels,barrels_batted_balls_percentage,barrels_plate_appearance_percentage
0,"Stanton, Giancarlo",2017,0.281,0.631,11.2,31.6,122.2,92.0,100.0,86.8,468,183,418.0,199,45.6,17.0,76,17.4,11.0
1,"Alonso, Pete",2019,0.26,0.583,14.8,36.9,118.3,90.7,96.6,85.9,489,189,414.0,176,42.7,13.7,66,15.8,9.5
2,"Judge, Aaron",2017,0.284,0.627,15.8,38.2,121.1,95.0,100.5,88.6,496,216,413.0,185,54.7,15.1,87,25.7,12.8
3,"Suárez, Eugenio",2019,0.271,0.572,17.7,38.0,112.3,89.3,93.1,86.1,457,195,400.0,157,40.8,13.0,54,13.8,8.2
4,"Davis, Khris",2018,0.247,0.549,18.1,37.7,112.8,92.5,97.2,87.7,438,211,405.0,195,48.1,15.7,70,17.2,10.7
5,"Soler, Jorge",2019,0.265,0.569,15.5,34.5,115.7,92.6,97.2,88.8,465,199,414.0,207,50.1,17.1,70,16.9,10.3
6,"Bellinger, Cody",2019,0.305,0.629,17.9,39.6,110.6,91.1,95.0,86.4,442,207,405.0,207,45.9,17.3,58,12.7,8.8
7,"Martinez, J.D.",2017,0.303,0.69,15.4,37.7,114.8,91.0,97.1,84.4,461,210,412.0,151,49.3,15.4,60,19.5,12.3
8,"Trout, Mike",2019,0.291,0.645,22.2,43.8,116.6,90.9,95.1,84.2,486,234,419.0,155,44.4,16.8,67,18.9,11.2
9,"Yelich, Christian",2019,0.329,0.671,11.3,33.2,117.9,93.3,96.8,91.0,462,184,407.0,182,49.1,17.6,59,15.8,10.2
10,"Davis, Khris",2017,0.247,0.528,14.2,37.6,113.5,92.2,98.7,85.0,458,203,408.0,198,52.4,16.2,67,17.7,10.3
11,"Martinez, J.D.",2018,0.33,0.629,10.8,40.0,116.7,93.0,96.7,89.1,443,184,398.0,226,52.7,17.8,69,16.0,10.6
12,"Arenado, Nolan",2019,0.315,0.583,17.7,34.6,109.9,89.4,92.9,87.9,463,192,406.0,189,37.6,15.4,40,8.0,6.0
13,"Bregman, Alex",2019,0.296,0.592,19.6,35.5,107.4,89.3,92.3,88.0,440,202,382.0,178,38.0,17.4,23,4.8,3.3
14,"Cruz, Nelson",2019,0.311,0.639,13.1,38.3,117.0,93.7,99.2,89.0,478,197,411.0,168,51.5,17.2,65,19.9,12.5
15,"Gallo, Joey",2017,0.209,0.537,23.0,36.0,117.3,93.3,99.1,86.0,490,227,420.0,132,52.2,12.5,56,22.1,10.5
16,"Gallo, Joey",2018,0.206,0.498,21.9,37.5,117.5,94.3,99.9,86.3,495,225,410.0,145,49.5,12.7,66,22.5,11.4
17,"Bellinger, Cody",2017,0.267,0.581,17.5,35.3,112.8,90.8,96.6,84.7,447,199,404.0,153,45.7,15.5,41,12.2,7.5
18,"Cruz, Nelson",2017,0.288,0.549,12.4,34.5,117.7,93.2,98.6,88.4,469,198,411.0,204,48.3,17.5,60,14.2,9.3
19,"Ramírez, José",2018,0.27,0.552,19.0,34.3,110.2,89.0,92.4,86.9,434,196,388.0,173,35.1,14.9,42,8.3,6.0
20,"Springer, George",2019,0.292,0.591,10.5,31.6,114.3,89.8,95.4,85.7,474,176,408.0,160,44.8,15.8,52,14.1,9.4
21,"Trout, Mike",2018,0.312,0.628,18.6,41.0,118.0,91.2,95.9,85.2,459,212,407.0,162,46.2,16.9,58,16.5,9.5
22,"Arenado, Nolan",2018,0.297,0.561,15.3,35.4,109.2,89.8,94.4,86.1,464,184,408.0,192,40.5,14.9,34,7.2,5.1
23,"Encarnación, Edwin",2017,0.258,0.504,16.8,36.4,112.0,89.2,94.2,84.1,466,195,405.0,181,42.5,14.7,44,10.3,6.6
24,"Freeman, Freddie",2019,0.295,0.549,14.4,40.0,112.0,89.7,93.8,85.1,446,192,404.0,200,42.5,14.0,58,12.3,8.4
25,"Lindor, Francisco",2018,0.277,0.519,14.7,34.3,114.5,90.6,94.3,88.3,445,189,400.0,227,41.0,16.5,52,9.3,7.0
26,"Morrison, Logan",2017,0.246,0.516,17.6,39.6,114.4,88.6,94.2,82.0,444,206,405.0,155,42.3,14.3,47,12.8,7.8
27,"Moustakas, Mike",2017,0.272,0.521,18.2,34.0,112.9,87.4,92.3,85.0,440,197,397.0,157,33.8,12.6,40,8.6,6.7
28,"Schwarber, Kyle",2019,0.25,0.531,15.5,35.4,117.6,93.5,97.9,90.0,473,197,406.0,193,51.2,17.5,55,14.5,9.0
29,"Smoak, Justin",2017,0.27,0.529,17.1,39.4,110.0,89.6,94.6,83.3,437,204,401.0,186,43.0,16.7,59,13.6,9.3
30,"Stanton, Giancarlo",2018,0.266,0.509,11.7,30.0,121.7,93.7,99.7,91.5,458,175,405.0,211,50.8,16.0,63,15.1,8.9
31,"Torres, Gleyber",2019,0.278,0.535,17.7,38.0,109.6,89.1,92.8,86.3,438,192,397.0,153,36.5,12.3,43,10.1,7.1
32,"Arenado, Nolan",2017,0.309,0.586,17.6,37.5,109.9,88.8,93.0,84.4,456,207,409.0,192,37.9,15.2,43,8.5,6.3
33,"Bell, Josh",2019,0.277,0.569,13.1,34.6,116.2,92.4,96.1,89.9,474,186,411.0,193,47.2,16.4,53,12.7,8.6
34,"Blackmon, Charlie",2017,0.331,0.601,13.4,38.1,110.8,87.3,91.7,83.1,477,190,411.0,187,36.4,14.0,45,8.7,6.2
35,"Cruz, Nelson",2018,0.256,0.509,12.8,31.3,117.0,93.9,97.2,92.7,465,180,411.0,207,51.7,19.5,55,13.8,9.3
36,"Donaldson, Josh",2019,0.259,0.521,13.3,33.3,114.2,92.9,98.1,89.0,443,185,406.0,200,50.5,16.6,62,15.7,9.4
37,"Machado, Manny",2018,0.297,0.538,14.4,33.8,114.8,91.6,95.1,90.1,444,184,403.0,257,48.2,20.8,60,11.3,8.5
38,"Ozuna, Marcell",2017,0.312,0.548,10.2,31.0,114.5,90.9,96.8,86.7,468,167,413.0,214,45.6,16.9,44,9.3,6.5
39,"Reyes, Franmil",2019,0.249,0.512,9.5,33.3,115.0,93.3,98.2,88.6,457,181,408.0,176,51.0,16.1,51,14.8,9.3
40,"Story, Trevor",2018,0.291,0.567,15.9,38.2,112.5,91.0,95.0,87.4,487,201,421.0,200,46.2,15.6,55,12.7,8.4
41,"Bruce, Jay",2017,0.254,0.508,18.4,39.4,111.5,88.4,92.4,83.6,436,206,400.0,162,38.8,13.4,44,10.5,7.1
42,"Carpenter, Matt",2018,0.257,0.523,21.6,44.1,109.4,90.7,94.4,84.3,432,231,389.0,183,44.7,17.1,56,13.7,8.3
43,"Chapman, Matt",2019,0.249,0.506,16.6,25.1,114.4,92.7,97.1,91.0,453,185,408.0,211,49.0,17.9,53,12.1,7.9
44,"Goldschmidt, Paul",2017,0.297,0.563,11.6,32.8,112.4,91.5,96.6,86.8,453,178,405.0,197,47.5,17.4,55,13.3,8.3
45,"Kepler, Max",2019,0.252,0.519,18.2,30.5,112.5,89.7,92.9,88.8,438,195,392.0,179,42.1,16.8,38,8.9,6.4
46,"Martinez, J.D.",2019,0.304,0.557,12.5,40.7,112.6,91.3,95.1,87.5,434,191,402.0,208,47.9,17.1,52,11.8,7.9
47,"Olson, Matt",2019,0.267,0.545,19.4,36.1,111.9,92.7,97.2,89.0,450,202,400.0,171,50.4,16.5,50,14.5,9.1
48,"Pederson, Joc",2019,0.249,0.538,15.6,31.4,113.7,91.2,96.1,88.0,454,179,399.0,146,43.5,15.4,35,10.3,6.8
49,"Votto, Joey",2017,0.32,0.578,14.1,40.5,110.9,87.5,92.6,80.4,449,197,398.0,158,32.8,13.8,44,9.1,6.2
50,"Yelich, Christian",2018,0.326,0.598,5.0,36.7,113.6,92.6,97.2,89.6,441,160,407.0,224,50.8,20.0,57,12.9,8.8
51,"Zimmerman, Ryan",2017,0.303,0.573,8.3,32.3,113.1,91.4,97.8,86.3,462,173,405.0,195,49.1,19.8,49,12.2,8.5
52,"Aguilar, Jesús",2018,0.274,0.539,16.2,38.2,110.0,89.8,93.8,85.1,433,198,396.0,154,42.9,13.9,41,11.4,7.2
53,"Escobar, Eduardo",2019,0.269,0.511,18.4,38.6,106.9,87.8,91.1,83.8,433,212,393.0,162,31.4,11.4,36,7.0,5.2
54,"Harper, Bryce",2019,0.26,0.51,13.7,37.6,116.4,91.9,96.8,86.5,466,196,411.0,182,45.6,13.4,59,14.8,8.7
55,"Mancini, Trey",2019,0.291,0.535,7.8,36.4,113.9,90.3,95.8,85.7,438,172,404.0,198,42.7,15.1,48,10.3,7.1
56,"Moustakas, Mike",2019,0.254,0.516,17.4,32.3,112.9,89.5,93.8,87.0,459,193,402.0,173,40.8,15.5,44,10.3,7.5
57,"Muncy, Max",2018,0.263,0.582,18.3,36.8,110.6,90.3,95.0,85.0,445,206,399.0,121,46.4,15.8,45,16.9,9.4
58,"Muncy, Max",2019,0.251,0.515,14.5,38.9,110.1,89.8,94.4,84.7,464,195,404.0,147,43.4,14.2,41,12.0,7.0
59,"Story, Trevor",2019,0.294,0.554,17.5,36.5,111.8,91.0,93.8,90.3,459,197,414.0,192,46.0,14.9,36,8.6,5.5
60,"Upton, Justin",2017,0.273,0.54,15.7,36.0,114.2,88.8,94.3,84.3,454,199,405.0,156,41.3,13.0,50,13.2,7.9
61,"Báez, Javier",2018,0.29,0.554,9.6,32.9,113.7,90.6,96.8,86.6,481,174,404.0,191,43.3,14.7,56,12.6,8.7
62,"Dozier, Brian",2017,0.271,0.498,16.7,32.0,111.8,87.9,94.4,81.5,435,190,395.0,165,34.7,14.0,40,8.4,5.7
63,"Encarnación, Edwin",2019,0.244,0.531,22.5,34.3,113.0,90.2,94.6,87.5,442,206,401.0,134,42.9,14.3,41,12.9,8.4
64,"Goldschmidt, Paul",2019,0.26,0.476,15.4,36.4,111.5,90.1,94.5,86.1,464,198,410.0,182,42.4,13.6,49,11.3,7.2
65,"Harper, Bryce",2018,0.249,0.496,14.4,35.1,115.1,91.0,96.3,85.6,473,187,409.0,177,45.4,13.4,45,11.5,6.5
66,"Hoskins, Rhys",2018,0.246,0.496,22.6,35.8,112.0,89.0,94.3,82.7,444,212,393.0,161,39.5,14.1,47,11.4,7.1
67,"Rendon, Anthony",2019,0.319,0.598,19.5,38.7,107.7,90.4,93.5,88.3,431,208,398.0,218,46.6,19.3,56,12.0,8.7
68,"Sánchez, Gary",2019,0.232,0.525,19.2,33.5,118.3,91.1,96.0,86.2,481,208,417.0,112,42.3,13.6,52,19.1,11.7
69,"Sanó, Miguel",2019,0.247,0.576,15.9,36.0,114.2,94.4,99.6,89.0,496,206,416.0,127,57.2,15.2,47,21.2,10.7
70,"Santana, Carlos",2019,0.281,0.515,11.7,29.1,112.8,91.8,93.5,91.9,426,171,396.0,209,44.9,19.0,45,9.6,6.6
71,"Soto, Juan",2019,0.282,0.548,12.5,36.3,112.8,92.0,97.0,86.4,443,191,403.0,199,47.8,17.5,51,12.3,7.7
72,"Springer, George",2017,0.283,0.522,9.3,31.1,114.6,89.2,96.1,84.5,473,170,403.0,189,43.2,16.6,41,9.3,6.5
73,"Suárez, Eugenio",2018,0.283,0.526,14.8,38.6,112.8,91.2,93.0,89.8,451,192,400.0,178,45.6,16.4,38,9.7,6.3
74,"Abreu, José",2017,0.304,0.552,11.1,34.2,114.9,90.6,95.5,87.1,454,180,408.0,228,45.2,18.5,48,9.5,7.1
75,"Abreu, José",2019,0.284,0.503,10.9,35.2,117.9,92.1,96.1,89.6,447,168,404.0,237,48.2,17.5,63,12.8,9.1
76,"Bogaerts, Xander",2019,0.309,0.555,13.4,34.7,112.4,90.7,94.2,88.6,451,183,398.0,217,44.1,18.5,42,8.4,6.0
77,"Calhoun, Kole",2019,0.232,0.467,14.9,34.9,110.1,89.5,95.1,84.0,440,189,403.0,164,42.6,14.2,44,11.2,7.0
78,"Conforto, Michael",2019,0.257,0.494,15.9,35.8,112.2,89.2,93.7,83.4,452,194,402.0,158,39.2,13.3,48,11.9,7.4
79,"Donaldson, Josh",2017,0.27,0.559,13.8,31.7,113.5,90.9,97.0,85.5,454,186,407.0,137,44.9,15.5,43,14.1,8.7
80,"Goldschmidt, Paul",2018,0.29,0.533,15.7,37.1,112.9,90.8,95.9,87.0,450,191,400.0,185,44.0,15.0,57,13.6,8.3
81,"Lindor, Francisco",2017,0.273,0.505,14.6,32.2,111.7,89.1,92.8,85.4,456,192,401.0,203,35.9,15.7,40,7.1,5.5
82,"Machado, Manny",2017,0.259,0.471,13.6,30.2,116.3,91.3,96.7,88.6,470,179,406.0,249,47.5,20.0,55,10.5,8.0
83,"Meadows, Austin",2019,0.291,0.558,16.7,38.1,115.4,90.4,94.7,85.8,447,205,399.0,171,42.9,16.2,50,12.5,8.5
84,"Renfroe, Hunter",2019,0.216,0.489,19.1,32.2,114.1,89.9,94.6,85.9,470,199,413.0,115,39.4,12.4,35,12.0,7.1
85,"Sánchez, Gary",2017,0.278,0.531,13.1,33.5,115.7,90.8,95.9,87.6,493,175,416.0,152,42.9,15.6,42,11.8,8.0
86,"Semien, Marcus",2019,0.285,0.522,14.9,34.0,108.2,88.9,93.3,85.5,438,182,401.0,209,38.1,16.7,47,8.5,6.3
87,"Trout, Mike",2017,0.306,0.629,18.0,36.4,114.7,88.8,94.3,84.1,448,199,411.0,126,39.9,15.7,42,13.3,8.3
88,"Betts, Mookie",2018,0.346,0.64,18.5,39.4,110.6,92.2,95.8,88.6,452,207,400.0,218,50.6,23.7,61,14.1,9.9
89,"Blackmon, Charlie",2019,0.314,0.576,14.6,36.8,110.6,88.7,92.8,85.0,464,189,412.0,194,40.3,16.5,40,8.3,6.3
90,"Devers, Rafael",2019,0.311,0.555,10.4,33.0,115.0,92.5,96.5,89.9,458,176,403.0,252,48.4,17.4,48,9.0,6.8
91,"Encarnación, Edwin",2018,0.246,0.474,18.0,34.1,112.2,89.9,94.3,85.9,434,192,401.0,152,41.4,14.9,42,11.2,7.3
92,"Lindor, Francisco",2019,0.284,0.518,12.3,29.6,113.5,91.0,93.7,90.4,437,174,397.0,207,41.0,16.6,38,7.5,5.8
93,"Machado, Manny",2019,0.256,0.462,13.0,31.2,112.6,91.2,94.5,91.6,455,178,400.0,202,43.7,17.9,37,8.0,5.6
94,"Marte, Ketel",2019,0.329,0.592,11.5,34.4,116.3,90.0,93.5,87.8,482,174,407.0,194,40.0,16.9,45,9.3,7.2
95,"Rizzo, Anthony",2017,0.273,0.507,15.5,34.2,113.6,88.4,94.4,82.9,462,186,408.0,189,39.1,14.9,45,9.3,6.5
96,"Rosario, Eddie",2019,0.276,0.5,16.8,33.2,108.6,89.2,93.9,85.0,433,188,392.0,172,36.0,14.0,41,8.5,6.9
97,"Schoop, Jonathan",2017,0.293,0.503,13.0,35.3,116.0,87.8,92.7,85.3,462,169,402.0,181,37.2,13.6,34,7.0,5.0
98,"Shaw, Travis",2018,0.241,0.48,16.9,31.2,114.6,88.9,93.1,86.6,452,191,402.0,152,38.3,14.2,41,10.3,7.0
99,"Altuve, Jose",2019,0.298,0.55,9.7,28.0,109.3,87.4,93.2,84.0,448,151,395.0,142,34.5,14.9,34,8.1,6.2
100,"Bregman, Alex",2018,0.286,0.532,16.8,37.9,107.6,89.4,93.5,86.3,420,190,384.0,204,39.9,19.5,39,7.6,5.5
101,"Bryant, Kris",2019,0.282,0.521,19.2,35.8,111.4,87.6,92.3,83.3,445,190,403.0,135,34.1,11.2,37,9.3,5.8
102,"Duvall, Adam",2017,0.249,0.48,21.1,34.6,110.8,87.3,92.4,82.3,437,201,396.0,139,32.6,11.6,38,8.9,5.9
103,"Garver, Mitch",2019,0.273,0.63,15.3,33.6,109.7,91.1,97.2,84.8,443,199,400.0,113,50.0,21.5,35,15.5,9.7
104,"Gurriel, Yuli",2019,0.298,0.541,14.3,33.5,110.6,89.3,91.4,90.4,450,173,387.0,188,38.1,18.1,18,3.6,2.9
105,"Grichuk, Randal",2019,0.232,0.457,16.0,31.3,112.6,89.3,93.9,87.1,469,178,401.0,169,39.8,13.9,36,8.5,5.7
106,"Jiménez, Eloy",2019,0.267,0.513,9.3,32.4,114.1,91.2,96.6,87.4,471,167,409.0,161,47.9,17.3,43,12.8,8.5
107,"Núñez, Renato",2019,0.244,0.46,19.9,32.1,114.8,89.9,94.1,88.1,450,194,412.0,164,40.9,13.4,43,10.7,7.2
108,"Shaw, Travis",2017,0.273,0.513,14.9,34.7,113.7,88.6,93.3,85.3,478,184,402.0,159,39.4,14.6,30,7.4,5.0
109,"Thames, Eric",2017,0.247,0.518,12.8,36.3,112.0,88.2,94.1,82.1,436,194,392.0,120,39.3,11.9,34,11.1,6.2
110,"Cron, C.J.",2018,0.253,0.493,15.2,34.3,114.4,88.0,93.9,85.4,464,181,408.0,132,36.6,12.0,44,12.2,7.9
111,"DeJong, Paul",2019,0.233,0.444,18.3,33.0,111.7,87.0,92.9,82.0,462,192,410.0,146,33.9,11.6,38,8.6,5.7
112,"Duda, Lucas",2017,0.217,0.496,19.2,40.3,114.5,90.3,95.2,85.1,451,208,404.0,127,43.8,15.6,35,12.1,7.1
113,"Lamb, Jake",2017,0.248,0.487,12.2,34.4,109.4,88.3,93.0,84.1,481,191,407.0,141,36.3,13.8,36,9.3,5.7
114,"Myers, Wil",2017,0.243,0.464,15.4,35.3,112.5,89.4,95.3,85.4,461,191,407.0,175,44.6,14.8,36,9.1,5.5
115,"Odor, Rougned",2017,0.204,0.397,15.9,27.2,112.4,89.1,94.2,85.6,466,180,395.0,164,36.6,12.9,27,6.0,4.1
116,"Odor, Rougned",2019,0.205,0.439,17.9,30.6,113.1,91.1,96.2,87.1,471,203,404.0,157,45.6,14.0,47,13.6,8.1
117,"Peralta, David",2018,0.293,0.516,6.7,32.9,114.8,91.5,95.4,90.0,449,164,400.0,203,46.3,18.6,34,7.8,5.5
118,"Reynolds, Mark",2017,0.267,0.487,11.8,36.5,112.1,87.2,93.2,82.0,482,182,419.0,125,35.9,11.4,29,8.3,4.9
119,"Santana, Domingo",2017,0.278,0.505,10.5,40.6,113.7,89.2,93.2,85.8,476,175,393.0,141,40.4,12.2,33,9.4,5.4
120,"Schebler, Scott",2017,0.233,0.484,11.6,30.0,111.2,89.1,95.6,85.3,457,172,405.0,144,40.8,14.5,36,10.2,6.8
121,"Schwarber, Kyle",2017,0.211,0.467,18.6,29.8,116.1,89.6,95.5,84.2,470,196,409.0,113,41.5,12.0,41,15.1,8.4
122,"Upton, Justin",2018,0.257,0.463,11.9,34.7,114.9,90.7,96.8,85.9,443,185,403.0,172,47.4,16.0,51,14.0,8.3
123,"Vogelbach, Daniel",2019,0.208,0.439,17.1,39.0,113.1,88.8,93.6,83.8,448,203,398.0,119,38.0,13.8,33,10.5,5.9
124,"Báez, Javier",2019,0.281,0.531,7.7,36.3,114.1,91.1,96.1,86.7,460,172,404.0,163,43.6,14.7,48,12.7,8.6
125,"Betts, Mookie",2019,0.295,0.524,19.3,39.2,109.3,91.0,94.2,88.1,438,206,391.0,237,47.5,21.3,52,10.3,7.4
126,"Blackmon, Charlie",2018,0.291,0.502,12.0,34.9,110.4,87.5,91.2,84.3,447,173,407.0,174,35.2,13.4,32,6.5,4.6
127,"Bryant, Kris",2017,0.295,0.537,17.0,35.1,113.0,87.0,92.3,80.5,451,196,401.0,156,36.6,12.9,41,9.6,6.2
128,"Harper, Bryce",2017,0.319,0.595,14.1,35.5,116.3,91.1,95.3,88.5,451,184,407.0,136,42.6,14.1,37,11.4,7.5
129,"Hoskins, Rhys",2019,0.226,0.454,24.0,31.0,111.0,89.7,94.0,86.3,429,209,388.0,156,38.7,12.3,39,9.7,5.5
130,"Napoli, Mike",2017,0.193,0.428,22.2,29.1,112.5,88.3,94.1,83.0,448,204,406.0,110,41.5,11.9,42,15.8,8.7
131,"Olson, Matt",2018,0.247,0.453,18.1,35.1,113.3,93.3,97.4,90.7,475,189,408.0,218,52.2,17.3,51,12.2,7.7
132,"Ozuna, Marcell",2019,0.241,0.472,13.5,32.8,115.3,91.8,96.3,88.6,455,179,403.0,179,49.2,17.6,45,12.1,8.2
133,"Ramírez, José",2017,0.318,0.583,15.0,35.5,108.3,88.2,91.9,85.2,440,185,391.0,180,34.7,16.1,26,5.0,4.0
134,"Walker, Christian",2019,0.259,0.476,14.8,34.1,112.4,91.1,95.3,87.9,447,182,411.0,183,48.8,15.6,49,13.1,8.1
135,"Alonso, Yonder",2017,0.266,0.501,19.4,35.7,111.5,89.2,93.4,86.1,436,197,402.0,137,41.1,14.0,33,9.9,6.3
136,"Conforto, Michael",2018,0.243,0.448,12.5,36.3,112.4,88.0,93.5,83.6,472,173,395.0,143,37.4,12.5,37,9.5,5.8
137,"Freeman, Freddie",2017,0.307,0.586,16.0,40.1,109.0,89.7,93.8,84.0,443,209,401.0,146,42.7,14.3,46,13.3,8.9
138,"Gardner, Brett",2019,0.251,0.503,13.9,28.8,109.7,87.7,91.7,85.7,430,165,382.0,124,32.6,13.5,15,3.9,2.7
139,"Grandal, Yasmani",2019,0.246,0.468,14.2,37.5,111.3,90.7,95.0,87.5,442,187,400.0,156,41.8,14.8,43,11.3,6.8
140,"McCutchen, Andrew",2017,0.279,0.486,14.2,33.7,109.5,88.4,93.4,83.5,432,183,393.0,176,38.9,15.0,35,7.7,5.4
141,"Morales, Kendrys",2017,0.25,0.445,9.5,31.1,113.0,91.1,96.2,87.5,465,173,414.0,199,46.6,17.2,43,10.0,7.1
142,"Moustakas, Mike",2018,0.251,0.459,19.9,31.3,112.2,89.5,92.9,89.4,438,188,398.0,186,39.1,15.0,42,8.8,6.6
143,"Puig, Yasiel",2017,0.263,0.487,10.4,27.2,116.0,88.5,94.1,85.7,450,163,411.0,151,37.6,15.4,38,9.4,6.7
144,"Sanó, Miguel",2017,0.264,0.507,13.1,36.9,114.6,92.3,98.5,85.3,469,200,413.0,118,47.0,12.3,40,15.9,8.3
145,"Santana, Danny",2019,0.283,0.534,13.5,37.8,113.1,91.4,94.7,88.2,448,191,406.0,143,43.6,13.2,31,9.5,6.1
146,"Alvarez, Yordan",2019,0.313,0.655,13.4,39.4,117.9,92.2,96.5,86.5,454,202,410.0,107,48.9,16.6,37,16.7,10.0
147,"Castellanos, Nick",2019,0.289,0.525,14.0,39.8,111.2,89.0,93.9,83.3,436,197,394.0,196,41.7,14.7,52,10.9,7.8
148,"Conforto, Michael",2017,0.279,0.555,13.7,38.5,111.4,89.1,95.1,83.2,450,186,393.0,112,43.4,14.3,32,12.2,7.3
149,"Dickerson, Corey",2017,0.282,0.49,13.9,35.6,112.9,87.2,91.1,83.5,449,182,401.0,138,31.7,9.4,33,7.5,5.3
150,"Frazier, Todd",2017,0.213,0.428,20.3,33.1,109.8,87.5,93.3,83.1,441,196,402.0,107,30.3,10.6,34,9.6,5.9
151,"Gennett, Scooter",2017,0.295,0.531,13.2,34.7,106.8,86.4,92.1,80.7,452,179,393.0,123,35.3,12.9,23,6.6,4.6
152,"Gregorius, Didi",2018,0.268,0.494,16.0,32.8,109.4,87.0,90.8,86.0,430,180,379.0,137,30.8,12.7,21,4.7,3.7
153,"Hicks, Aaron",2018,0.248,0.467,13.2,34.2,110.0,89.7,93.3,86.9,417,182,388.0,162,43.0,16.3,33,8.8,5.7
154,"Judge, Aaron",2018,0.278,0.528,12.4,35.7,119.9,94.7,97.7,92.1,471,183,397.0,144,54.1,16.8,43,16.2,8.6
155,"Judge, Aaron",2019,0.272,0.54,11.2,39.1,118.1,96.0,99.6,91.8,467,199,396.0,136,58.4,16.9,47,19.7,10.5
156,"Palka, Daniel",2018,0.24,0.484,11.6,28.0,118.4,92.3,97.4,90.1,448,172,410.0,129,49.0,14.3,38,14.4,8.5
157,"Perez, Salvador",2017,0.268,0.495,18.7,34.4,111.3,88.7,92.7,84.7,451,211,404.0,147,38.9,14.4,36,9.4,7.2
158,"Perez, Salvador",2018,0.235,0.439,18.0,35.4,112.1,91.3,94.3,89.0,454,203,398.0,193,47.5,17.6,44,10.8,8.1
159,"Piscotty, Stephen",2018,0.267,0.491,13.2,34.3,111.6,88.5,93.4,84.4,443,174,394.0,168,38.7,14.5,42,9.6,6.9
160,"Rizzo, Anthony",2019,0.293,0.52,12.6,36.8,113.4,89.0,92.5,87.0,472,176,401.0,158,37.0,14.0,29,6.8,4.7
161,"Rosario, Eddie",2017,0.29,0.507,13.3,32.4,107.5,87.2,93.2,81.2,445,175,397.0,142,31.8,11.9,33,7.4,5.6
162,"Seager, Kyle",2017,0.249,0.45,21.0,35.2,109.1,88.3,92.1,84.5,433,207,396.0,160,33.9,14.5,41,8.6,6.3
163,"Turner, Justin",2019,0.29,0.509,17.8,38.6,107.7,90.3,93.1,88.1,433,202,401.0,168,43.0,17.2,31,7.8,5.6
164,"Bell, Josh",2017,0.255,0.466,8.6,28.9,112.4,87.6,92.1,85.2,441,155,403.0,148,34.3,13.3,28,6.4,4.5
165,"Canha, Mark",2019,0.273,0.517,15.2,32.1,110.9,89.1,94.3,86.1,436,179,396.0,124,41.1,14.5,29,9.5,5.8
166,"Castellanos, Nick",2017,0.272,0.49,14.2,42.8,110.5,89.1,93.2,83.3,448,202,397.0,200,42.0,15.0,51,10.7,7.7
167,"Davidson, Matt",2017,0.22,0.452,17.7,35.8,112.6,89.0,94.9,82.7,476,201,408.0,106,41.7,11.8,39,15.4,8.8
168,"Davis, Chris",2017,0.215,0.423,15.0,40.4,109.8,90.1,95.1,83.9,427,203,395.0,120,45.5,13.2,34,12.8,6.5
169,"Dozier, Hunter",2019,0.279,0.522,16.7,35.8,115.1,91.1,94.2,89.2,453,201,401.0,163,42.9,16.2,38,10.0,6.5
170,"Granderson, Curtis",2017,0.212,0.452,20.2,33.1,109.2,87.7,93.0,82.4,431,202,398.0,111,34.4,12.1,36,10.9,6.8
171,"Haniger, Mitch",2018,0.285,0.493,12.7,36.5,112.8,90.2,94.2,87.4,443,174,400.0,196,43.2,17.3,47,10.3,6.9
172,"Hernández, Teoscar",2019,0.23,0.472,15.3,30.6,112.1,91.2,96.2,86.6,450,191,401.0,112,42.3,12.3,31,11.7,6.7
173,"Jones, Adam",2017,0.285,0.466,11.9,33.6,110.9,86.9,91.4,83.8,452,167,392.0,151,31.1,11.3,31,6.4,4.9
174,"LeMahieu, DJ",2019,0.327,0.518,6.5,35.2,111.1,91.9,95.3,89.5,446,161,386.0,246,48.5,21.9,39,7.5,6.0
175,"Renfroe, Hunter",2017,0.231,0.467,15.3,32.4,113.7,88.0,94.3,82.8,449,192,404.0,104,34.1,11.7,34,11.1,7.1
176,"Renfroe, Hunter",2018,0.248,0.504,18.4,28.8,113.7,89.9,97.5,85.2,438,183,402.0,130,43.6,16.2,37,12.4,8.4
177,"Schwarber, Kyle",2018,0.238,0.467,12.3,34.0,117.1,90.9,95.6,87.7,444,177,404.0,131,45.0,14.7,37,12.7,7.3
178,"Suárez, Eugenio",2017,0.26,0.461,14.8,39.0,108.8,86.2,91.6,81.1,451,189,393.0,126,32.1,11.1,27,6.9,4.3
179,"Bellinger, Cody",2018,0.26,0.47,16.2,32.0,112.9,89.8,95.5,86.6,443,183,405.0,157,38.9,13.2,35,8.6,5.5
180,"Bour, Justin",2017,0.289,0.536,9.7,37.1,114.8,89.2,95.3,85.6,446,178,399.0,115,40.4,14.7,31,10.8,7.2
181,"Cron, C.J.",2019,0.253,0.469,12.8,34.0,115.9,91.1,96.2,87.7,464,187,404.0,158,45.0,16.3,53,15.0,10.6
182,"DeJong, Paul",2017,0.285,0.532,18.1,42.2,108.6,86.6,93.7,77.6,434,193,398.0,115,40.1,12.7,27,9.2,6.1
183,"Gattis, Evan",2018,0.226,0.452,17.8,31.2,111.8,87.6,92.1,83.6,430,185,389.0,108,34.4,13.6,24,7.6,5.3
184,"Gregorius, Didi",2017,0.287,0.478,17.7,35.5,106.2,84.5,88.5,82.0,429,186,377.0,98,20.9,8.1,17,3.6,3.0
185,"Grichuk, Randal",2018,0.245,0.502,18.7,35.1,114.1,90.7,95.9,86.9,471,201,403.0,132,43.4,14.5,44,14.4,9.5
186,"Healy, Ryon",2017,0.271,0.451,12.8,35.6,112.7,88.3,93.2,84.5,443,176,413.0,175,40.4,16.1,33,7.6,5.5
187,"Hosmer, Eric",2017,0.318,0.498,3.9,30.3,118.0,89.8,94.2,87.8,458,150,402.0,196,39.4,16.2,35,7.0,5.2
188,"Joyce, Matt",2017,0.243,0.473,15.1,38.0,109.7,88.2,93.4,82.6,438,202,403.0,125,34.4,13.0,32,8.8,5.9
189,"Moncada, Yoán",2019,0.315,0.548,12.3,40.4,115.8,93.1,95.5,91.8,462,185,406.0,173,47.9,16.4,44,12.2,7.9
190,"Pederson, Joc",2018,0.248,0.522,15.8,29.9,113.9,91.5,94.7,90.2,437,191,391.0,125,40.6,14.8,26,8.3,5.9
191,"Realmuto, J.T.",2019,0.275,0.493,14.4,35.0,112.9,90.3,94.4,87.7,456,186,393.0,174,41.1,14.7,37,8.7,6.2
192,"Rendon, Anthony",2017,0.301,0.533,18.3,34.7,110.1,89.8,92.6,87.3,454,207,402.0,164,38.4,15.3,28,6.5,4.6
193,"Rizzo, Anthony",2018,0.283,0.47,14.7,36.2,112.6,90.1,93.2,88.4,453,185,404.0,200,40.6,17.1,32,6.5,4.8
194,"Smoak, Justin",2018,0.242,0.457,15.0,36.9,110.7,89.5,94.4,84.6,420,187,390.0,149,42.5,15.1,38,10.8,6.4
195,"Thames, Eric",2019,0.247,0.505,19.0,36.0,110.5,90.9,93.5,87.4,432,209,396.0,111,44.2,12.5,23,8.9,5.0
196,"Zunino, Mike",2017,0.251,0.509,20.5,35.1,114.1,90.3,96.0,84.5,470,200,412.0,107,46.9,12.0,33,14.5,7.6
197,"Albies, Ozzie",2018,0.261,0.452,16.1,34.0,109.9,86.8,91.7,82.8,427,176,389.0,155,29.4,11.4,25,4.7,3.7
198,"Albies, Ozzie",2019,0.295,0.5,15.6,36.8,110.8,88.9,91.4,86.3,444,190,395.0,181,34.0,13.1,35,6.6,5.0
199,"Altuve, Jose",2017,0.346,0.547,9.7,34.8,109.1,86.1,91.3,82.2,430,167,393.0,143,28.1,13.0,34,6.7,5.1
200,"Betts, Mookie",2017,0.264,0.459,14.3,31.9,111.7,88.4,92.9,87.4,434,179,396.0,208,37.9,20.6,25,4.5,3.5
201,"Chapman, Matt",2018,0.278,0.508,14.9,30.5,115.3,93.1,95.9,93.1,434,182,397.0,192,47.8,18.2,36,8.9,5.8
202,"Choo, Shin-Soo",2019,0.265,0.455,9.2,31.8,111.8,91.9,96.7,88.5,472,161,410.0,195,49.0,17.0,35,8.8,5.3
203,"Contreras, Willson",2019,0.272,0.533,7.5,31.2,113.1,88.5,94.7,84.3,463,167,408.0,108,41.5,13.8,30,11.5,7.3
204,"Correa, Carlos",2017,0.315,0.55,9.3,38.6,112.0,90.5,95.2,86.7,449,173,399.0,150,44.9,18.7,31,9.3,6.4
205,"Cozart, Zack",2017,0.297,0.548,14.8,35.7,108.3,85.8,89.5,82.6,433,183,391.0,105,28.9,12.1,16,4.4,3.2
206,"Franco, Maikel",2017,0.23,0.409,11.5,26.6,113.0,88.8,93.6,86.8,431,165,391.0,175,36.2,14.9,29,6.0,4.7
207,"Grandal, Yasmani",2018,0.241,0.466,14.1,32.9,111.0,88.9,94.5,84.5,429,187,404.0,127,40.4,14.9,37,11.6,7.1
208,"Happ, Ian",2017,0.253,0.514,13.3,36.9,114.2,88.5,93.4,84.5,443,195,403.0,95,39.4,11.9,32,13.3,7.7
209,"Healy, Ryon",2018,0.235,0.412,12.3,32.2,112.0,89.6,93.2,88.4,441,165,402.0,159,41.6,17.5,27,7.1,5.2
210,"Laureano, Ramón",2019,0.288,0.521,14.7,37.2,111.6,89.7,93.3,86.7,438,187,405.0,127,40.4,13.3,31,9.7,6.4
211,"Mancini, Trey",2017,0.293,0.488,7.1,30.9,115.5,88.6,95.1,85.0,459,158,399.0,167,41.2,14.4,41,10.0,7.0
212,"Mancini, Trey",2018,0.242,0.416,5.4,27.6,115.0,89.9,95.0,87.0,438,147,387.0,186,42.9,14.9,51,11.8,8.0
213,"McMahon, Ryan",2019,0.25,0.45,8.8,36.3,112.9,91.9,95.8,89.1,479,166,415.0,154,48.0,13.8,29,9.0,5.4
214,"Pérez, Roberto",2019,0.239,0.452,5.7,32.2,112.8,90.2,95.0,86.7,447,163,404.0,112,41.3,14.7,30,11.0,6.7
215,"Puig, Yasiel",2019,0.267,0.458,13.8,30.0,114.4,90.0,94.1,88.0,455,182,410.0,162,39.1,13.7,39,9.2,6.4
216,"Rendon, Anthony",2018,0.308,0.535,17.9,39.8,109.9,90.7,93.7,89.0,430,200,395.0,204,44.8,18.1,47,10.3,7.9
217,"Rosario, Eddie",2018,0.288,0.479,17.8,32.5,108.1,87.7,92.6,82.8,418,186,378.0,153,34.2,12.6,38,8.3,6.4
218,"Santana, Carlos",2018,0.229,0.414,15.4,30.1,113.5,88.9,93.2,87.8,445,174,399.0,184,39.1,15.9,33,6.9,4.9
219,"Story, Trevor",2017,0.239,0.457,19.2,37.1,110.1,89.4,93.8,84.7,438,208,407.0,120,38.3,10.9,33,10.5,5.9
220,"Torres, Gleyber",2018,0.271,0.48,19.0,38.7,109.4,88.9,91.2,87.3,444,196,396.0,116,36.8,12.3,29,9.2,6.0
221,"Villar, Jonathan",2019,0.274,0.453,8.2,30.3,114.0,88.9,92.8,87.5,456,157,412.0,175,37.1,12.4,32,6.8,4.5
222,"Alonso, Yonder",2018,0.25,0.421,15.7,36.9,112.3,87.8,92.5,85.5,431,181,399.0,146,37.5,13.2,39,9.8,6.8
223,"Báez, Javier",2017,0.273,0.48,10.1,28.2,113.3,87.9,94.0,84.4,463,168,410.0,119,36.0,11.4,28,8.4,5.5
224,"Bautista, José",2017,0.203,0.366,17.0,29.7,112.9,88.3,93.1,85.4,450,188,402.0,151,35.6,12.4,28,6.6,4.1
225,"Bogaerts, Xander",2018,0.288,0.522,12.6,32.9,111.9,90.6,95.1,87.8,436,169,407.0,174,41.8,17.0,41,9.8,7.1
226,"Cabrera, Asdrúbal",2018,0.262,0.458,14.6,32.9,108.3,90.0,93.8,87.4,425,178,385.0,167,39.3,15.2,31,7.2,5.2
227,"Canó, Robinson",2017,0.28,0.453,7.5,33.9,112.7,90.3,94.0,87.9,443,165,398.0,224,44.0,18.6,32,6.3,4.9
228,"Carpenter, Matt",2017,0.241,0.451,22.6,37.7,113.0,89.7,92.4,86.1,427,222,400.0,140,37.2,14.7,31,8.2,5.0
229,"Castellanos, Nick",2018,0.298,0.5,15.2,45.3,110.3,89.6,93.6,84.9,426,198,384.0,192,40.7,14.3,53,11.2,7.8
230,"Davis, Khris",2019,0.22,0.387,13.1,31.5,109.9,90.2,95.2,85.4,432,184,396.0,133,40.4,12.4,33,9.8,6.2
231,"Escobar, Eduardo",2018,0.272,0.489,18.9,38.6,108.8,86.5,90.8,82.3,447,197,400.0,122,27.6,9.3,37,8.3,5.9
232,"Freeman, Freddie",2018,0.309,0.505,14.5,44.7,109.6,89.1,93.7,83.0,441,190,402.0,196,39.8,13.2,46,9.3,6.5
233,"Galvis, Freddy",2019,0.26,0.438,14.7,31.8,105.6,88.8,91.3,87.4,434,177,388.0,151,36.4,12.1,23,5.5,3.9
234,"Gennett, Scooter",2018,0.31,0.49,14.0,37.5,108.5,87.3,90.9,83.9,420,179,377.0,151,32.3,11.5,27,5.8,4.2
235,"Lowrie, Jed",2018,0.267,0.448,17.4,38.0,108.0,89.2,91.9,86.5,412,197,380.0,178,37.9,14.2,25,5.3,3.7
236,"Marte, Starling",2019,0.295,0.503,8.2,30.8,111.6,88.6,93.8,85.3,455,159,404.0,171,38.6,15.0,36,8.0,6.1
237,"McNeil, Jeff",2019,0.318,0.531,13.8,34.2,107.2,89.0,92.2,87.1,444,172,392.0,160,36.7,12.9,21,4.8,3.7
238,"Murphy, Daniel",2017,0.322,0.543,17.3,39.6,108.4,89.6,92.8,87.1,428,196,389.0,192,41.8,18.8,22,4.8,3.7
239,"Ozuna, Marcell",2018,0.28,0.433,10.8,30.3,117.2,91.5,94.9,90.1,479,165,415.0,214,45.1,19.0,46,9.7,7.3
240,"Pham, Tommy",2017,0.306,0.52,6.9,34.3,111.6,89.6,94.6,86.4,443,151,407.0,145,43.7,18.0,31,9.3,5.8
241,"Polanco, Gregory",2018,0.254,0.499,20.1,33.6,112.9,88.9,93.6,86.8,440,191,401.0,132,37.8,13.2,33,9.4,6.2
242,"Puig, Yasiel",2018,0.267,0.494,12.1,33.8,115.3,89.5,93.7,87.5,463,177,413.0,130,41.0,15.7,34,10.6,7.7
243,"Pujols, Albert",2017,0.241,0.386,13.5,31.9,112.2,88.7,93.3,85.6,459,177,408.0,197,39.2,16.8,27,5.4,4.2
244,"Pujols, Albert",2019,0.244,0.43,12.5,26.5,112.3,88.3,92.2,87.2,438,167,403.0,155,36.6,16.7,25,5.8,4.6
245,"Ramírez, José",2019,0.255,0.479,19.8,32.6,112.1,89.2,91.8,87.7,431,199,397.0,148,35.7,16.0,26,6.3,4.8
246,"Santana, Carlos",2017,0.259,0.455,13.0,28.4,112.3,88.6,93.4,85.1,434,173,395.0,184,38.6,17.4,36,7.5,5.4
247,"Schoop, Jonathan",2019,0.256,0.473,12.4,35.5,114.9,87.6,93.7,83.7,467,171,404.0,122,38.5,12.4,28,8.8,6.0
248,"Seager, Kyle",2019,0.239,0.468,18.4,36.9,107.1,89.5,93.2,84.7,420,202,383.0,121,39.7,14.6,26,8.4,5.9
249,"Trumbo, Mark",2017,0.234,0.397,12.7,26.5,118.5,89.8,94.3,88.3,461,170,401.0,158,38.5,13.8,29,7.1,4.8
250,"Vázquez, Christian",2019,0.276,0.477,13.3,37.5,107.4,89.4,92.8,86.5,443,186,387.0,152,40.1,15.1,23,5.9,4.4
251,"Abreu, José",2018,0.265,0.473,12.2,35.4,115.5,91.3,95.1,89.1,451,178,407.0,179,45.2,17.3,36,9.1,6.5
252,"Beckham, Tim",2017,0.278,0.454,8.5,34.8,110.1,88.4,94.3,84.3,456,166,402.0,149,40.7,12.7,35,9.5,6.1
253,"Brantley, Michael",2019,0.311,0.503,10.6,36.3,108.9,88.8,92.4,87.1,438,165,394.0,187,37.3,18.4,28,5.5,4.4
254,"Braun, Ryan",2019,0.285,0.505,7.3,33.3,111.7,91.5,95.6,89.2,443,163,404.0,160,45.3,16.5,34,9.5,6.7
255,"Castro, Starlin",2019,0.27,0.436,11.0,29.6,113.3,88.5,91.5,87.4,438,161,399.0,201,37.7,16.4,33,6.2,4.9
256,"Choo, Shin-Soo",2017,0.261,0.423,7.9,35.9,109.8,88.7,93.7,84.4,447,168,401.0,158,37.8,14.8,36,8.6,5.7
257,"Davis, J.D.",2019,0.307,0.527,10.2,36.8,114.7,91.5,95.2,88.7,449,171,404.0,149,47.9,16.9,35,11.1,7.7
258,"Desmond, Ian",2018,0.236,0.422,0.1,28.5,112.0,90.1,95.8,87.5,472,130,405.0,179,43.2,16.0,29,7.0,4.7
259,"Franco, Maikel",2018,0.27,0.467,9.5,29.4,114.5,88.0,91.7,88.0,435,153,394.0,127,34.1,14.9,24,6.4,5.2
260,"Grandal, Yasmani",2017,0.247,0.459,12.6,34.3,109.3,88.2,93.8,84.3,425,177,389.0,121,38.8,13.5,23,7.4,4.8
261,"Grichuk, Randal",2017,0.238,0.473,16.2,37.4,113.3,89.0,95.4,81.6,434,200,406.0,116,41.4,13.4,45,16.0,10.2
262,"Hernández, Teoscar",2018,0.239,0.468,17.0,34.8,112.2,91.8,97.7,85.3,440,201,401.0,145,45.9,13.9,49,15.5,9.4
263,"Herrera, Odúbel",2018,0.255,0.42,13.2,28.8,114.7,86.7,89.8,86.3,453,162,394.0,136,31.9,11.2,21,4.9,3.5
264,"Hosmer, Eric",2019,0.265,0.425,2.1,28.9,114.3,90.8,94.1,88.9,432,137,402.0,212,46.0,16.6,33,7.2,4.9
265,"Joseph, Tommy",2017,0.24,0.432,14.1,30.9,112.8,89.3,94.2,86.8,447,177,401.0,148,40.3,14.7,27,7.3,5.1
266,"Kinsler, Ian",2017,0.236,0.412,19.5,37.2,105.9,86.3,91.3,81.7,414,198,383.0,140,30.1,13.0,23,4.9,3.8
267,"Moreland, Mitch",2017,0.246,0.443,11.6,34.9,113.3,89.3,94.9,84.4,449,184,412.0,142,36.4,13.5,47,12.0,8.2
268,"Moss, Brandon",2017,0.207,0.428,17.8,36.4,112.8,89.6,94.6,81.8,474,206,411.0,99,41.9,12.4,35,14.8,8.7
269,"Narváez, Omar",2019,0.278,0.46,17.9,40.4,106.1,85.5,88.8,82.3,420,193,385.0,93,28.1,9.8,18,5.3,3.7
270,"Ohtani, Shohei",2018,0.285,0.564,12.4,35.6,113.9,92.9,97.8,88.6,449,180,413.0,115,51.1,17.2,36,16.0,9.8
271,"Polanco, Jorge",2019,0.295,0.485,19.1,41.4,108.2,88.0,91.7,83.3,424,208,393.0,172,33.1,13.8,35,6.7,5.0
272,"Seager, Corey",2017,0.295,0.479,11.1,40.4,110.9,89.7,94.9,83.9,450,178,408.0,182,44.3,16.2,35,8.5,5.7
273,"Seager, Kyle",2018,0.221,0.4,18.5,37.0,110.5,89.8,92.6,87.6,424,197,385.0,178,39.6,15.2,25,5.6,4.0
274,"Smoak, Justin",2019,0.208,0.406,16.7,37.5,110.8,90.3,93.7,87.4,438,205,400.0,123,39.8,15.2,34,11.0,6.8
275,"Soto, Juan",2018,0.292,0.517,6.2,29.7,113.7,90.5,97.5,86.5,440,152,395.0,133,42.2,16.8,31,9.8,6.3
276,"Springer, George",2018,0.265,0.434,9.5,30.1,114.7,88.6,93.3,86.1,476,157,411.0,159,37.4,14.3,38,8.9,6.2
277,"Valbuena, Luis",2017,0.199,0.432,17.2,30.1,108.4,87.5,93.1,82.4,438,196,400.0,82,33.3,10.9,27,11.0,6.7
278,"Choo, Shin-Soo",2018,0.264,0.434,6.1,35.9,109.5,89.3,95.2,84.1,447,164,404.0,165,40.5,14.6,45,11.1,6.8
279,"Contreras, Willson",2017,0.276,0.499,7.1,29.4,115.1,88.2,95.7,83.6,442,157,409.0,101,35.9,13.1,29,10.3,6.8
280,"Devers, Rafael",2018,0.24,0.433,11.2,30.2,116.3,90.9,95.2,89.7,447,167,399.0,139,42.0,14.6,30,9.1,6.1
281,"Dozier, Brian",2018,0.215,0.391,17.5,30.5,104.8,86.8,91.8,82.8,409,179,379.0,123,29.4,11.7,27,6.3,4.3
282,"Escobar, Eduardo",2017,0.254,0.449,17.8,37.2,108.4,86.5,90.6,83.1,438,197,404.0,111,30.6,10.6,30,8.3,6.0
283,"Frazier, Todd",2019,0.251,0.443,17.1,34.6,108.4,88.3,92.0,85.8,437,185,392.0,129,38.3,15.1,25,7.3,5.0
284,"Gardner, Brett",2017,0.264,0.428,10.3,34.4,107.9,86.4,90.2,83.7,415,167,387.0,149,31.0,14.2,18,3.8,2.6
285,"Heyward, Jason",2019,0.251,0.429,11.3,31.8,111.8,88.8,91.2,88.2,427,168,391.0,147,36.5,14.5,23,5.7,3.9
286,"Kemp, Matt",2018,0.29,0.481,15.8,42.1,111.4,89.6,94.2,83.8,427,195,409.0,134,39.1,14.4,39,11.0,7.7
287,"Morales, Kendrys",2018,0.249,0.438,10.0,34.4,111.6,92.3,95.3,90.3,437,180,395.0,170,52.6,20.5,39,12.1,8.3
288,"Pham, Tommy",2018,0.275,0.464,6.6,38.7,112.1,93.0,95.3,91.4,454,171,407.0,178,49.9,19.9,36,10.1,6.3
289,"Pham, Tommy",2019,0.273,0.45,5.2,29.7,113.3,90.9,95.4,88.4,458,149,406.0,200,45.0,20.0,35,7.9,5.4
290,"Pillar, Kevin",2019,0.259,0.432,14.1,32.9,111.7,86.4,90.8,84.0,440,163,400.0,163,30.8,13.0,26,4.9,4.0
291,"Pollock, AJ",2018,0.257,0.484,13.5,31.5,108.6,89.2,93.7,84.8,455,183,405.0,130,40.6,15.7,32,10.0,7.0
292,"Realmuto, J.T.",2018,0.277,0.484,14.5,39.8,109.8,88.9,92.4,86.0,434,177,406.0,155,41.2,16.1,34,9.0,6.4
293,"Santana, Domingo",2019,0.253,0.441,11.3,40.1,109.5,89.0,94.7,82.2,425,179,399.0,118,42.1,11.8,35,12.1,6.9
294,"Schoop, Jonathan",2018,0.233,0.416,11.5,30.9,111.2,86.4,90.0,85.3,446,156,393.0,111,30.6,11.1,18,5.0,3.6
295,"Taylor, Chris",2017,0.288,0.496,12.2,39.7,110.1,87.1,91.2,83.3,443,179,398.0,126,34.1,12.1,30,8.0,5.3
296,"Tellez, Rowdy",2019,0.227,0.449,14.0,37.0,115.2,90.7,94.5,87.2,455,191,406.0,107,41.6,13.6,34,13.2,8.3
297,"Turner, Justin",2017,0.322,0.53,18.5,37.7,107.8,89.4,92.2,86.6,430,208,396.0,156,38.6,17.5,35,8.6,6.4
298,"Urshela, Gio",2019,0.314,0.534,13.6,36.5,113.3,90.6,94.2,87.7,461,185,407.0,147,41.8,14.5,25,7.0,5.3
299,"Voit, Luke",2019,0.263,0.464,12.7,38.5,112.6,89.7,95.4,82.8,470,183,410.0,118,41.5,12.4,38,13.2,7.5
300,"Yastrzemski, Mike",2019,0.272,0.518,19.5,36.9,108.5,89.6,94.6,85.2,472,204,406.0,115,42.9,14.8,30,11.2,7.3
301,"Adames, Willy",2019,0.254,0.418,10.8,36.1,110.9,88.5,93.0,84.4,462,166,396.0,136,35.6,12.4,32,8.4,5.5
302,"Adams, Matt",2017,0.274,0.522,15.9,34.1,111.3,88.9,94.3,83.7,431,188,396.0,102,40.3,13.2,27,10.6,7.4
303,"Anderson, Tim",2018,0.24,0.406,10.8,33.3,112.5,85.8,90.6,82.1,414,161,384.0,118,27.9,9.9,20,4.7,3.3
304,"Anderson, Brian",2019,0.261,0.468,11.1,31.3,114.4,89.9,94.6,86.7,446,173,398.0,160,46.0,17.5,31,8.9,6.0
305,"Andrus, Elvis",2017,0.297,0.471,7.6,32.5,108.1,86.5,91.8,82.9,436,160,403.0,171,31.3,14.2,23,4.2,3.3
306,"Benintendi, Andrew",2017,0.271,0.424,14.7,31.7,108.5,87.5,91.4,84.9,454,177,398.0,157,33.4,14.1,26,5.5,4.0
307,"Bour, Justin",2018,0.227,0.404,9.9,33.4,115.5,88.9,95.6,85.1,437,167,405.0,117,39.0,13.6,31,10.3,6.2
308,"Braun, Ryan",2018,0.254,0.469,6.4,36.2,116.3,92.3,97.4,88.1,443,168,401.0,160,49.5,19.7,35,10.8,7.9
309,"Broxton, Keon",2017,0.22,0.42,10.3,39.0,109.8,87.2,92.8,80.9,449,183,403.0,84,34.9,9.5,28,11.6,6.0
310,"Castillo, Welington",2017,0.282,0.49,14.4,39.0,108.3,89.4,93.8,84.7,440,187,399.0,108,44.3,17.3,25,10.2,6.8
311,"Davidson, Matt",2018,0.228,0.419,13.8,36.0,115.1,90.0,95.8,86.6,450,187,400.0,115,42.3,12.0,33,12.1,6.7
312,"Desmond, Ian",2019,0.255,0.479,8.7,32.4,113.6,90.9,93.6,90.1,486,163,425.0,139,42.5,16.5,34,10.4,7.1
313,"Dozier, Brian",2019,0.238,0.43,19.0,32.1,106.6,88.5,92.9,84.6,435,189,394.0,110,35.4,13.7,21,6.7,4.4
314,"García, Avisaíl",2019,0.282,0.464,9.8,34.1,116.2,89.5,95.2,86.4,485,166,416.0,148,40.3,13.9,43,11.7,8.1
315,"Gyorko, Jedd",2017,0.272,0.472,15.5,32.3,110.6,86.4,92.6,81.3,450,179,394.0,102,31.5,11.1,26,7.9,5.4
316,"Kepler, Max",2018,0.224,0.408,16.3,30.1,112.7,89.5,93.8,86.0,427,189,395.0,165,38.2,16.4,29,6.6,4.7
317,"Longoria, Evan",2017,0.261,0.424,12.7,32.4,109.9,86.7,92.7,82.4,422,170,394.0,167,32.4,13.5,27,5.2,4.0
318,"Longoria, Evan",2019,0.254,0.437,14.0,35.8,110.3,89.7,93.2,86.8,438,184,406.0,141,40.8,14.9,26,7.5,5.1
319,"Marte, Starling",2018,0.277,0.46,8.9,31.5,112.0,88.4,94.2,84.9,462,159,399.0,175,38.8,14.2,34,7.5,5.6
320,"Mazara, Nomar",2017,0.253,0.422,11.3,30.5,113.6,89.0,94.9,85.6,453,165,414.0,159,37.1,14.1,28,6.5,4.5
321,"Mazara, Nomar",2018,0.258,0.436,5.3,28.2,117.1,90.5,94.2,89.1,449,149,416.0,163,43.4,16.2,32,8.5,6.0
322,"McCutchen, Andrew",2018,0.255,0.424,13.4,36.2,110.9,90.0,94.1,86.2,427,179,387.0,180,41.9,15.7,36,8.4,5.3
323,"Molina, Yadier",2018,0.261,0.436,15.4,37.6,107.2,88.2,92.3,84.5,438,184,394.0,135,33.8,13.0,22,5.5,4.4
324,"Profar, Jurickson",2018,0.254,0.458,12.4,33.6,112.2,87.3,91.7,84.4,436,168,403.0,140,31.8,12.3,22,5.0,3.7
325,"Profar, Jurickson",2019,0.218,0.41,14.0,29.7,108.2,86.7,91.8,83.7,425,171,387.0,118,31.3,12.7,25,6.5,4.8
326,"Santander, Anthony",2019,0.261,0.476,15.3,31.2,112.9,89.9,92.4,89.7,435,189,407.0,109,36.6,12.6,23,7.7,5.7
327,"Villanueva, Christian",2018,0.236,0.45,20.8,33.5,110.0,86.7,90.6,85.2,434,188,392.0,75,31.3,8.8,24,9.7,6.3
328,"Zunino, Mike",2018,0.201,0.41,18.0,33.3,116.0,89.5,97.1,82.4,470,188,404.0,101,44.9,12.0,31,13.8,7.7
329,"Ahmed, Nick",2019,0.254,0.437,7.6,35.5,108.3,87.8,91.8,84.6,443,161,410.0,155,34.0,13.3,30,6.6,4.8
330,"Altherr, Aaron",2017,0.272,0.516,11.2,32.7,112.3,89.3,94.1,86.5,421,173,395.0,115,42.8,16.2,28,10.4,6.8
331,"Bregman, Alex",2017,0.284,0.475,16.4,34.5,105.6,87.6,91.8,84.2,430,185,389.0,159,34.3,15.4,22,4.7,3.5
332,"Calhoun, Kole",2017,0.244,0.392,12.3,34.9,110.1,88.3,92.0,85.6,425,176,397.0,156,35.5,12.9,25,5.7,3.8
333,"Calhoun, Kole",2018,0.208,0.369,12.1,34.3,109.4,90.4,94.4,86.4,436,181,403.0,157,43.1,14.9,34,9.3,6.2
334,"Camargo, Johan",2018,0.272,0.457,12.6,31.2,109.6,88.0,91.0,86.8,431,166,389.0,121,33.7,11.7,18,5.0,3.4
335,"Candelario, Jeimer",2018,0.224,0.393,15.3,32.0,112.7,87.1,91.8,85.2,440,174,398.0,129,33.6,11.3,23,6.0,3.7
336,"DeJong, Paul",2018,0.241,0.433,19.1,37.7,110.4,89.3,93.4,85.6,486,205,400.0,128,40.3,14.6,29,9.1,5.9
337,"Fowler, Dexter",2019,0.238,0.409,12.9,40.3,111.1,85.5,90.5,80.1,430,181,391.0,99,28.7,9.5,26,7.4,4.5
338,"García, Avisaíl",2018,0.236,0.438,9.6,26.6,116.7,90.3,95.8,86.8,481,163,400.0,112,43.2,13.5,30,11.6,7.8
339,"Hiura, Keston",2019,0.303,0.57,16.4,35.6,112.4,91.4,95.2,88.8,442,191,402.0,100,50.0,14.1,28,13.5,8.0
340,"Holliday, Matt",2017,0.231,0.432,11.8,31.4,116.0,89.9,95.4,86.5,459,168,413.0,117,44.3,15.2,27,10.2,6.3
341,"Kemp, Matt",2017,0.276,0.463,8.4,39.1,111.9,88.3,93.6,83.7,423,171,395.0,131,38.8,14.3,32,9.4,6.9
342,"Kepler, Max",2017,0.243,0.425,13.2,31.9,113.2,88.7,92.3,88.0,440,174,398.0,147,36.7,15.9,16,4.0,2.8
343,"Kingery, Scott",2019,0.258,0.474,17.8,39.2,111.4,88.4,93.5,83.4,437,197,390.0,122,38.9,12.2,25,8.0,5.0
344,"Mazara, Nomar",2019,0.268,0.469,10.7,33.9,114.6,89.1,93.9,86.1,505,172,416.0,127,39.3,13.1,35,10.7,7.5
345,"Merrifield, Whit",2017,0.288,0.46,16.4,36.5,110.5,87.6,92.1,82.8,430,195,396.0,149,29.6,12.4,26,5.1,4.1
346,"Pujols, Albert",2018,0.245,0.411,14.1,34.5,112.1,90.0,93.6,88.8,430,179,400.0,165,40.9,18.9,25,6.2,5.0
347,"Seager, Corey",2019,0.272,0.483,14.3,35.2,109.7,88.8,93.3,84.1,441,189,403.0,149,38.2,15.3,29,7.3,5.4
348,"Taylor, Michael A.",2017,0.271,0.486,12.4,35.1,112.7,87.5,94.3,82.5,439,180,401.0,100,38.3,12.4,26,9.8,6.0
349,"Turner, Trea",2018,0.271,0.416,9.3,28.8,112.3,89.1,92.5,87.3,427,158,396.0,206,38.6,16.0,31,5.8,4.2
350,"Turner, Trea",2019,0.298,0.497,9.9,29.8,113.5,90.4,93.1,89.7,453,158,408.0,172,42.0,16.4,28,6.8,4.9
351,"Alfaro, Jorge",2019,0.262,0.425,4.7,33.3,114.7,90.8,96.4,86.6,473,154,404.0,125,44.8,11.9,32,11.5,6.9
352,"Anderson, Tim",2019,0.335,0.508,8.7,37.6,107.8,88.3,90.7,86.7,440,167,398.0,147,37.6,14.2,20,5.1,3.9
353,"Belt, Brandon",2017,0.241,0.469,22.0,34.8,108.4,89.3,93.9,85.1,456,216,406.0,112,40.6,13.1,31,11.1,6.9
354,"Cabrera, Asdrúbal",2019,0.26,0.441,14.4,37.3,108.4,89.1,93.2,85.2,416,190,390.0,124,35.3,13.0,20,5.7,3.9
355,"Chavis, Michael",2019,0.254,0.444,11.4,31.4,113.8,88.7,93.7,86.8,451,172,417.0,76,35.5,9.9,23,10.5,6.0
356,"Chirinos, Robinson",2018,0.222,0.419,21.9,36.5,107.3,88.0,93.3,81.2,456,206,393.0,88,39.6,11.0,24,10.8,5.6
357,"Díaz, Aledmys",2018,0.263,0.453,13.7,32.7,112.9,89.1,93.2,86.8,431,176,392.0,144,39.6,17.0,27,7.4,6.0
358,"Flores, Wilmer",2017,0.271,0.488,17.0,36.8,108.1,87.5,91.6,84.2,414,194,389.0,97,33.9,12.8,17,5.9,4.7
359,"Fowler, Dexter",2017,0.264,0.488,13.1,40.2,112.4,88.5,92.3,84.6,429,192,397.0,118,36.9,13.9,21,6.5,4.3
360,"Frazier, Todd",2018,0.213,0.39,18.7,31.6,114.1,89.6,93.9,87.5,437,194,395.0,111,37.0,13.6,21,6.9,4.4
361,"García, Avisaíl",2017,0.33,0.506,7.6,31.4,115.5,90.3,95.3,86.6,451,159,407.0,166,40.8,14.1,36,8.8,6.4
362,"Gurriel, Yuli",2017,0.299,0.486,10.4,29.2,114.4,89.9,94.4,87.8,435,170,393.0,205,43.5,21.9,16,3.4,2.8
363,"Hedges, Austin",2017,0.214,0.398,17.8,29.0,108.9,87.8,93.0,84.4,430,183,391.0,91,34.3,11.2,18,6.7,4.3
364,"Hosmer, Eric",2018,0.253,0.398,-1.5,26.3,112.2,88.7,95.1,86.3,439,118,400.0,177,38.2,14.2,28,5.9,4.1
365,"Kelly, Carson",2019,0.245,0.478,14.3,39.8,109.1,88.9,92.4,85.3,428,190,399.0,95,40.4,14.4,20,8.5,5.5
366,"Kipnis, Jason",2018,0.23,0.389,17.8,34.4,107.4,86.9,90.6,83.4,417,191,382.0,130,31.6,12.4,28,6.6,4.7
367,"McCann, Brian",2017,0.241,0.436,14.5,33.8,106.4,87.6,92.5,84.6,425,177,394.0,100,33.8,14.6,16,5.4,4.0
368,"McCann, James",2019,0.273,0.46,10.8,36.0,112.0,90.2,94.4,87.0,446,164,404.0,134,44.2,13.7,28,9.2,5.9
369,"Molina, Yadier",2017,0.273,0.439,14.5,35.2,106.2,87.9,92.1,84.6,434,184,398.0,151,35.0,14.3,26,5.9,4.8
370,"Myers, Wil",2019,0.239,0.418,12.2,32.7,111.5,90.2,96.7,85.6,468,177,408.0,111,41.4,12.3,30,11.2,6.1
371,"Odor, Rougned",2018,0.253,0.424,13.9,30.2,112.6,90.7,95.1,87.6,447,177,403.0,137,38.7,14.3,25,7.1,4.7
372,"Ohtani, Shohei",2019,0.286,0.505,6.8,31.7,115.1,92.8,97.0,89.0,447,163,406.0,131,47.1,15.8,34,12.2,8.0
373,"Sánchez, Gary",2018,0.186,0.406,14.2,29.4,121.1,90.3,97.7,85.9,460,171,412.0,96,41.6,14.3,32,13.9,8.6
374,"Solarte, Yangervis",2017,0.255,0.416,14.7,31.8,110.2,85.4,89.3,84.4,455,172,393.0,112,27.6,12.3,16,3.9,3.1
375,"Yelich, Christian",2017,0.282,0.439,4.6,29.5,112.4,90.6,94.7,88.0,442,145,397.0,214,45.8,17.5,33,7.0,4.8
376,"Anderson, Tim",2017,0.257,0.402,8.0,31.8,108.8,85.6,91.5,81.7,451,152,404.0,133,31.1,11.4,22,5.1,3.6
377,"Belt, Brandon",2019,0.234,0.403,22.4,40.9,106.6,87.3,91.3,82.7,434,216,389.0,144,35.7,12.4,35,8.7,5.7
378,"Beltré, Adrián",2017,0.312,0.532,12.5,36.1,107.4,86.7,91.4,82.0,430,182,398.0,95,32.5,12.9,17,5.8,4.4
379,"Bonifacio, Jorge",2017,0.255,0.432,14.7,37.5,112.7,87.6,91.9,83.3,437,184,407.0,105,39.6,11.9,24,9.0,5.7
380,"Brantley, Michael",2018,0.309,0.468,9.5,38.1,108.6,90.2,91.9,89.5,424,169,392.0,194,38.4,19.2,18,3.5,2.9
381,"Braun, Ryan",2017,0.268,0.487,7.7,30.8,114.7,89.9,96.0,85.8,429,163,401.0,135,44.0,16.8,26,8.4,6.1
382,"Cabrera, Melky",2017,0.285,0.423,8.9,33.6,113.6,88.3,90.9,87.5,420,161,393.0,194,35.1,17.3,21,3.8,3.2
383,"Canha, Mark",2018,0.249,0.449,15.5,36.6,108.5,87.0,92.7,82.9,434,182,400.0,97,34.8,12.7,25,9.0,6.1
384,"Chirinos, Robinson",2019,0.238,0.443,16.9,35.1,107.8,87.0,92.8,80.4,431,179,395.0,90,37.0,11.1,19,7.7,4.3
385,"Franco, Maikel",2019,0.234,0.409,14.8,24.2,114.1,89.1,93.4,88.2,433,163,410.0,127,38.4,16.3,23,6.9,5.4
386,"Gómez, Carlos",2017,0.255,0.462,15.9,37.3,113.1,88.6,91.2,86.5,461,200,407.0,87,34.9,9.7,22,8.8,5.2
387,"Goodwin, Brian",2019,0.262,0.47,18.4,38.5,111.4,87.6,91.1,83.5,453,200,397.0,94,33.3,11.3,18,6.3,3.9
388,"Kendrick, Howie",2019,0.344,0.572,10.8,36.9,112.4,91.7,94.4,90.4,435,175,411.0,140,48.3,21.1,33,11.4,8.9
389,"Kipnis, Jason",2019,0.245,0.41,14.1,32.8,107.1,88.1,91.2,85.4,449,179,393.0,130,34.4,14.2,21,5.5,4.1
390,"Martínez, José",2018,0.305,0.457,8.1,37.5,113.8,91.0,94.1,88.3,436,170,404.0,194,44.6,18.9,41,9.4,6.9
391,"Moncada, Yoán",2018,0.235,0.4,15.4,36.4,113.1,91.0,94.2,88.2,433,191,397.0,161,44.2,14.6,35,9.6,5.4
392,"Nimmo, Brandon",2018,0.263,0.483,10.7,33.4,110.9,89.9,94.1,88.3,449,159,397.0,123,42.1,13.8,19,6.5,3.6
393,"Realmuto, J.T.",2017,0.278,0.451,10.1,32.6,111.4,88.2,91.8,85.8,444,166,396.0,152,35.5,14.5,27,6.3,4.7
394,"Reddick, Josh",2018,0.242,0.4,18.2,32.0,105.9,85.6,89.8,82.9,434,179,378.0,97,27.0,11.5,14,3.9,2.9
395,"Schebler, Scott",2018,0.255,0.439,8.7,32.9,111.1,90.2,94.1,88.0,449,161,406.0,121,42.8,14.0,30,10.6,7.0
396,"Solarte, Yangervis",2018,0.226,0.378,14.1,30.0,113.1,87.1,90.7,85.8,459,161,403.0,128,32.0,13.3,18,4.5,3.6
397,"Swanson, Dansby",2019,0.251,0.422,14.4,36.7,108.4,89.9,93.1,86.8,424,186,402.0,152,41.6,14.9,37,10.1,6.8
398,"Taylor, Chris",2018,0.254,0.444,16.4,39.5,111.5,88.9,92.4,84.8,440,196,399.0,136,38.5,11.6,30,8.3,5.0
399,"Trumbo, Mark",2018,0.261,0.452,10.4,33.1,113.4,92.8,95.9,92.5,444,172,400.0,119,48.6,17.0,25,10.2,7.0
400,"Williams, Nick",2018,0.256,0.425,10.6,36.8,113.3,88.8,90.8,87.9,439,174,401.0,111,37.9,13.2,20,6.8,4.5
401,"Ahmed, Nick",2018,0.234,0.411,11.9,36.3,106.2,86.9,91.5,82.8,438,175,393.0,124,30.0,11.6,21,5.1,3.7
402,"Benintendi, Andrew",2018,0.29,0.465,12.8,37.3,109.5,88.6,91.9,85.2,437,182,394.0,162,33.7,13.6,31,6.4,4.7
403,"Biggio, Cavan",2019,0.234,0.429,20.1,44.2,104.6,88.9,92.1,82.6,429,225,393.0,93,39.9,13.8,21,9.0,4.9
404,"Buxton, Byron",2017,0.253,0.413,15.2,31.7,110.9,88.1,92.7,83.1,441,176,403.0,101,32.0,10.2,18,5.6,3.5
405,"Cabrera, Miguel",2017,0.249,0.399,12.4,41.7,111.5,91.1,95.4,86.3,451,190,388.0,174,48.2,16.9,38,10.5,7.2
406,"Castro, Starlin",2017,0.3,0.454,6.9,30.6,110.4,87.4,93.3,84.1,452,150,398.0,129,36.5,14.1,16,4.5,3.4
407,"Cron, C.J.",2017,0.248,0.437,18.2,37.8,114.9,88.9,93.6,85.0,461,199,416.0,95,38.6,12.9,25,10.2,6.7
408,"d'Arnaud, Travis",2017,0.244,0.443,13.5,33.2,111.6,88.0,93.3,83.5,455,173,400.0,104,35.7,14.6,19,6.5,5.1
409,"d'Arnaud, Travis",2019,0.251,0.433,14.6,33.8,113.1,90.0,93.6,87.6,453,180,405.0,108,39.7,14.2,21,7.7,5.4
410,"Davis, Chris",2018,0.168,0.296,15.1,35.5,111.8,89.3,94.5,83.7,434,189,403.0,113,40.1,11.5,29,10.3,5.6
411,"Dietrich, Derek",2018,0.265,0.421,15.8,34.1,111.0,87.4,90.8,86.2,448,170,397.0,136,37.8,12.5,22,6.1,4.0
412,"Gomes, Yan",2018,0.266,0.449,18.7,41.5,109.1,88.9,92.3,85.0,435,200,391.0,110,38.7,11.9,24,8.4,5.5
413,"González, Carlos",2018,0.276,0.467,9.0,29.7,118.3,89.7,92.2,89.4,473,160,420.0,138,39.1,14.6,22,6.2,4.4
414,"Goodrum, Niko",2018,0.245,0.432,11.1,37.6,110.7,88.0,91.5,85.1,418,176,387.0,111,35.4,11.5,25,8.0,5.1
415,"Gregorius, Didi",2019,0.238,0.441,17.9,28.9,110.8,88.2,91.6,88.5,413,185,390.0,95,35.8,12.4,15,5.5,4.4
416,"Guzmán, Ronald",2018,0.235,0.416,14.1,33.3,111.3,86.6,90.2,84.4,443,178,386.0,88,33.1,10.1,17,6.4,4.0
417,"Haniger, Mitch",2017,0.282,0.491,10.9,36.8,111.2,87.7,93.2,82.5,437,174,400.0,98,35.4,14.6,17,6.1,4.1
418,"Harrison, Josh",2017,0.272,0.432,16.5,38.4,103.2,84.9,89.7,79.5,422,186,377.0,96,24.1,8.9,11,2.7,2.0
419,"Jones, Adam",2019,0.26,0.414,13.5,31.3,108.5,86.2,90.2,84.3,441,167,405.0,120,31.0,11.5,26,6.7,4.9
420,"Longoria, Evan",2018,0.244,0.413,13.6,32.6,110.4,88.5,93.0,85.7,435,177,399.0,143,37.2,15.2,29,7.6,5.7
421,"Merrifield, Whit",2019,0.302,0.463,15.6,41.9,104.8,87.0,90.6,82.9,434,183,392.0,161,29.0,11.8,24,4.3,3.3
422,"Pillar, Kevin",2017,0.256,0.404,13.0,33.3,111.9,86.0,90.1,84.0,451,172,402.0,144,29.1,12.4,17,3.4,2.7
423,"Reynolds, Bryan",2019,0.314,0.503,9.4,37.0,112.1,89.5,92.4,87.5,424,170,401.0,153,41.6,14.7,25,6.7,4.6
424,"Winker, Jesse",2019,0.269,0.473,7.2,32.0,110.8,89.2,93.6,86.1,415,158,381.0,111,41.1,16.4,12,4.3,3.1
425,"Arcia, Orlando",2017,0.277,0.407,6.8,28.7,107.3,85.7,90.6,82.9,422,147,399.0,113,27.6,10.5,16,3.9,2.9
426,"Arcia, Orlando",2019,0.223,0.35,6.6,26.5,109.9,87.9,91.4,85.9,434,150,393.0,121,31.3,12.1,17,4.3,3.1
427,"Beltré, Adrián",2018,0.273,0.434,13.6,39.7,109.2,88.7,91.8,85.6,439,187,399.0,129,37.4,14.9,22,6.4,4.6
428,"Cain, Lorenzo",2017,0.3,0.44,10.2,32.1,112.0,89.1,92.2,88.2,436,173,399.0,173,35.6,14.0,17,3.5,2.6
429,"Carpenter, Matt",2019,0.226,0.392,19.0,36.2,108.9,88.0,91.8,81.8,442,203,406.0,89,31.1,10.1,21,7.2,4.3
430,"Cooper, Garrett",2019,0.281,0.446,4.5,33.7,113.5,89.1,94.2,85.7,447,151,418.0,110,40.3,13.3,26,9.5,6.2
431,"Correa, Carlos",2018,0.239,0.405,11.6,33.1,112.8,88.2,93.7,84.5,455,164,402.0,101,33.4,12.5,21,7.0,4.5
432,"Dahl, David",2019,0.302,0.524,11.2,40.6,107.1,88.7,93.9,82.4,447,189,405.0,107,39.5,12.8,28,10.3,6.8
433,"Dixon, Brandon",2019,0.248,0.435,16.9,37.5,113.3,89.5,93.3,86.8,447,190,398.0,104,40.8,12.0,29,11.2,6.9
434,"Drury, Brandon",2019,0.218,0.38,13.8,36.7,112.5,86.9,93.2,83.2,426,167,391.0,113,36.7,13.4,28,9.1,6.3
435,"Duvall, Adam",2018,0.195,0.365,22.6,31.0,109.6,89.0,93.5,85.6,441,202,392.0,111,41.6,13.5,28,10.4,6.6
436,"Eaton, Adam",2019,0.279,0.428,15.3,33.9,110.7,88.9,91.6,88.0,444,180,392.0,162,34.3,13.6,18,3.8,2.7
437,"Happ, Ian",2018,0.233,0.408,14.1,39.2,110.5,90.0,93.4,87.8,437,193,400.0,90,40.5,10.8,27,12.2,5.8
438,"Hernández, César",2018,0.253,0.362,11.5,30.0,109.4,85.8,88.8,84.5,441,159,393.0,129,28.6,11.2,19,4.2,2.7
439,"Hernández, Gorkys",2018,0.234,0.391,12.6,29.3,108.5,87.5,92.4,85.5,433,148,403.0,110,35.8,12.3,23,7.5,5.1
440,"Hicks, Aaron",2017,0.266,0.475,11.7,30.0,109.3,86.7,92.8,82.3,436,180,375.0,78,32.5,13.4,18,7.5,5.0
441,"Jones, Adam",2018,0.281,0.419,13.2,35.6,108.1,88.3,91.5,86.9,422,174,396.0,162,33.1,13.6,24,4.9,3.9
442,"Kiermaier, Kevin",2017,0.276,0.45,8.1,28.3,110.9,86.9,91.5,84.4,443,159,410.0,87,30.5,10.8,15,5.2,3.6
443,"LeMahieu, DJ",2018,0.276,0.428,5.9,31.3,109.3,91.3,93.2,90.0,439,163,399.0,198,43.2,21.6,24,5.2,4.1
444,"Moreland, Mitch",2018,0.245,0.433,11.5,33.9,114.3,91.0,95.3,86.7,443,184,417.0,137,44.8,16.8,37,12.1,8.1
445,"Morrison, Logan",2018,0.186,0.368,20.5,36.0,112.6,88.7,94.7,84.1,442,200,407.0,89,38.2,12.8,26,10.9,7.2
446,"Pillar, Kevin",2018,0.252,0.426,16.8,39.3,111.1,87.3,90.9,85.6,440,181,390.0,154,36.7,14.6,24,5.7,4.4
447,"Pollock, AJ",2019,0.266,0.468,13.7,29.8,108.1,90.6,93.8,88.9,429,173,398.0,95,39.9,16.2,19,8.0,5.6
448,"Ramos, Wilson",2018,0.306,0.487,4.5,33.6,113.3,91.3,95.4,89.2,446,150,396.0,145,48.2,18.1,22,7.2,5.3
449,"Reyes, José",2017,0.246,0.413,15.8,32.8,108.4,84.3,88.5,82.4,406,179,384.0,104,24.2,11.1,11,2.6,2.0
450,"Rosario, Amed",2019,0.287,0.432,8.8,34.8,110.3,89.4,91.7,88.2,428,161,396.0,195,39.5,15.6,21,4.2,3.2
451,"Semien, Marcus",2018,0.255,0.388,15.5,34.9,107.1,86.8,91.3,83.3,428,177,393.0,163,32.1,12.9,23,4.5,3.3
452,"Valencia, Danny",2017,0.256,0.411,8.9,31.5,114.0,88.2,92.8,86.2,434,159,404.0,125,37.5,14.6,19,5.7,3.8
453,"Votto, Joey",2019,0.261,0.411,15.2,40.7,109.5,88.9,91.4,85.7,425,194,399.0,151,38.2,14.8,28,6.9,4.6
454,"Avila, Alex",2017,0.264,0.447,12.4,49.7,107.9,91.0,95.7,84.7,443,197,400.0,98,50.8,16.5,29,15.0,7.7
455,"Belt, Brandon",2018,0.253,0.414,23.3,43.9,107.6,87.0,90.5,82.4,429,217,389.0,93,31.6,10.3,31,10.5,6.8
456,"Beltrán, Carlos",2017,0.231,0.383,13.4,29.4,109.6,87.3,91.5,84.8,438,183,397.0,115,31.0,12.5,17,4.6,3.3
457,"Cabrera, Asdrúbal",2017,0.28,0.434,12.0,37.6,105.3,87.2,92.1,83.4,428,175,393.0,134,33.5,13.8,19,4.7,3.5
458,"Crawford, Brandon",2017,0.253,0.403,11.3,34.8,108.5,87.5,92.3,83.9,431,168,391.0,138,33.5,12.4,24,5.8,4.2
459,"Crawford, Brandon",2018,0.254,0.394,11.3,37.2,108.8,87.5,90.6,86.1,436,168,386.0,138,33.3,11.9,15,3.6,2.5
460,"Díaz, Yandy",2019,0.267,0.476,5.7,34.0,114.3,91.7,97.0,89.2,428,162,388.0,112,44.8,19.0,26,10.4,7.5
461,"Duda, Lucas",2018,0.241,0.418,19.6,42.8,114.1,89.5,92.5,86.0,436,212,407.0,84,36.7,12.7,23,10.0,6.3
462,"Gomes, Yan",2017,0.232,0.399,16.2,29.4,110.2,86.4,92.6,81.5,457,174,391.0,80,32.7,10.4,14,5.7,3.7
463,"González, Carlos",2017,0.262,0.423,6.2,28.9,117.1,87.5,93.0,84.7,478,159,415.0,132,37.0,13.6,21,5.9,3.9
464,"Hernández, César",2019,0.279,0.408,9.5,31.8,108.4,86.0,88.5,85.6,424,147,391.0,146,28.3,12.2,14,2.7,2.1
465,"Herrera, Odúbel",2017,0.281,0.452,9.7,35.1,114.6,87.2,91.0,85.5,434,172,396.0,130,32.3,11.2,25,6.2,4.4
466,"Kiermaier, Kevin",2019,0.228,0.398,6.9,26.4,111.4,89.2,93.3,88.3,437,146,412.0,130,37.7,13.3,19,5.5,4.0
467,"Kinsler, Ian",2018,0.24,0.38,17.7,36.6,106.1,85.3,89.0,83.4,412,177,389.0,111,26.2,11.7,13,3.1,2.4
468,"Lowrie, Jed",2017,0.277,0.448,18.7,43.2,106.3,89.1,91.7,86.3,426,202,392.0,177,37.7,14.2,28,6.0,4.3
469,"Maldonado, Martín",2017,0.221,0.368,12.9,26.3,110.4,85.4,91.0,81.9,447,162,405.0,100,31.3,11.4,18,5.6,3.8
470,"Markakis, Nick",2018,0.297,0.44,10.1,38.4,109.3,90.6,92.2,90.2,429,170,398.0,229,41.6,20.3,17,3.1,2.4
471,"Marte, Ketel",2018,0.26,0.437,5.8,28.8,115.1,88.8,92.0,87.8,465,146,405.0,163,36.9,16.3,22,5.0,3.8
472,"Mercer, Jordy",2017,0.255,0.406,9.1,35.3,106.3,85.8,90.4,82.0,444,163,394.0,134,32.4,14.6,13,3.1,2.3
473,"O'Hearn, Ryan",2019,0.195,0.369,13.0,29.9,111.2,90.5,95.8,88.1,440,175,403.0,101,43.7,14.8,21,9.1,5.7
474,"Peralta, David",2017,0.293,0.444,4.2,27.0,113.8,88.0,93.8,85.0,455,144,395.0,153,35.4,14.7,18,4.1,3.1
475,"Peraza, José",2018,0.288,0.416,15.0,37.7,108.7,85.8,87.3,85.9,426,177,391.0,134,23.6,11.7,14,2.5,2.0
476,"Pérez, Hernán",2017,0.259,0.414,10.3,29.2,108.5,84.9,90.4,81.9,423,153,398.0,99,27.6,12.0,11,3.1,2.4
477,"Pollock, AJ",2017,0.266,0.471,8.5,35.0,108.7,88.1,94.2,83.5,433,169,406.0,135,38.4,18.3,20,5.6,4.3
478,"Ramos, Wilson",2019,0.288,0.416,-0.1,25.8,111.0,90.0,93.8,88.8,427,120,390.0,173,42.5,18.7,19,4.7,3.6
479,"Reddick, Josh",2019,0.275,0.409,15.8,35.7,107.7,86.1,88.8,85.3,436,174,386.0,127,29.4,12.4,15,3.4,2.7
480,"Simmons, Andrelton",2017,0.278,0.421,7.8,31.3,109.7,86.1,90.8,83.6,438,155,395.0,151,28.7,14.2,13,2.5,2.0
481,"Swanson, Dansby",2018,0.238,0.395,14.1,31.8,108.5,88.0,91.9,85.8,438,168,399.0,124,34.0,11.5,15,4.1,2.8
482,"Turner, Justin",2018,0.312,0.518,18.3,44.7,106.5,89.1,91.4,86.7,430,204,399.0,115,36.7,15.3,24,7.7,5.6
483,"Villar, Jonathan",2018,0.26,0.384,3.2,26.9,110.9,88.5,91.9,87.1,430,134,399.0,119,36.0,11.2,17,5.1,3.3
484,"Walker, Neil",2017,0.265,0.439,17.0,35.4,109.8,85.9,90.1,82.6,431,182,400.0,97,31.3,13.6,15,4.8,3.3
485,"Altuve, Jose",2018,0.316,0.451,10.1,34.0,112.3,87.2,92.3,82.8,443,159,399.0,155,33.8,15.4,27,5.9,4.5
486,"Bautista, José",2018,0.203,0.378,19.8,34.4,111.9,90.8,95.3,88.5,429,193,393.0,91,43.3,13.3,17,7.9,4.3
487,"Benintendi, Andrew",2019,0.266,0.431,17.3,39.9,107.7,89.1,91.9,87.4,436,193,389.0,154,37.8,12.3,33,8.1,5.4
488,"Bryant, Kris",2018,0.272,0.46,17.8,37.9,110.2,85.8,91.3,78.8,448,186,406.0,95,33.5,11.2,26,9.1,5.7
489,"Canó, Robinson",2019,0.256,0.428,7.4,33.6,112.1,90.9,93.2,90.2,429,161,401.0,150,46.3,19.0,24,7.4,5.7
490,"Descalso, Daniel",2018,0.238,0.436,19.1,41.5,105.5,89.0,92.3,85.9,432,210,385.0,86,35.2,11.7,25,10.2,5.9
491,"Dickerson, Corey",2018,0.3,0.474,15.1,37.6,111.4,87.9,91.8,84.3,447,183,400.0,138,32.4,11.7,26,6.1,4.9
492,"Dietrich, Derek",2017,0.249,0.424,16.7,32.1,110.8,85.9,90.1,82.0,425,192,391.0,102,32.7,12.0,18,5.8,3.9
493,"Drury, Brandon",2017,0.267,0.447,7.7,33.7,111.7,88.2,93.8,84.2,444,160,408.0,132,38.7,15.7,17,4.9,3.5
494,"Galvis, Freddy",2018,0.248,0.38,13.7,32.3,105.8,88.6,91.8,85.9,419,176,382.0,131,28.9,10.1,18,3.9,2.7
495,"Gordon, Alex",2018,0.245,0.37,10.9,36.5,109.0,88.5,93.4,84.3,422,170,399.0,152,39.7,14.9,26,6.8,4.6
496,"Gordon, Alex",2019,0.266,0.396,9.3,33.7,110.6,88.7,92.5,85.5,454,170,399.0,178,38.4,15.7,25,5.4,3.9
497,"Gurriel, Yuli",2018,0.291,0.428,11.5,32.6,107.9,89.3,89.7,91.0,427,165,378.0,176,36.6,18.4,9,1.9,1.6
498,"Granderson, Curtis",2018,0.242,0.431,16.9,44.8,108.3,88.7,92.3,83.3,423,202,384.0,82,34.3,12.0,15,6.3,3.7
499,"Jansen, Danny",2019,0.207,0.36,16.3,31.9,111.4,88.9,92.6,87.7,430,184,409.0,108,40.0,15.8,16,5.9,4.2
500,"Margot, Manuel",2017,0.263,0.409,10.4,34.5,109.7,85.3,90.0,81.9,424,173,395.0,111,29.3,12.0,10,2.6,1.9
501,"Martin, Russell",2017,0.221,0.388,6.9,32.9,108.9,88.3,95.1,83.0,449,157,399.0,85,37.9,14.2,16,7.1,4.4
502,"McCann, James",2017,0.253,0.415,15.7,40.4,109.2,87.2,90.9,83.6,435,184,397.0,91,34.1,12.3,21,7.9,5.4
503,"Moran, Colin",2019,0.277,0.429,12.5,37.1,110.1,88.2,93.3,84.6,422,169,393.0,121,34.8,12.5,26,7.4,5.2
504,"Murphy, Daniel",2019,0.279,0.452,14.8,36.7,106.4,86.3,89.3,84.1,427,181,388.0,104,28.3,11.8,9,2.4,1.9
505,"Pearce, Steve",2017,0.252,0.438,13.8,35.1,108.6,87.2,92.1,83.3,434,177,393.0,89,35.9,13.7,17,6.9,4.9
506,"Pence, Hunter",2017,0.26,0.385,4.2,25.3,114.0,89.0,94.0,86.8,444,142,395.0,148,37.6,15.5,23,5.8,4.3
507,"Phillips, Brandon",2017,0.285,0.416,8.2,31.1,108.4,84.6,89.2,82.1,434,142,406.0,124,25.1,10.5,12,2.4,2.0
508,"Pinder, Chad",2019,0.24,0.416,8.6,31.9,110.0,90.9,96.1,87.9,437,168,405.0,110,44.4,16.0,21,8.2,5.7
509,"Piscotty, Stephen",2019,0.249,0.412,12.5,31.8,111.2,89.2,92.6,86.2,418,173,395.0,111,41.0,14.6,21,7.6,5.3
510,"Polanco, Jorge",2017,0.256,0.41,16.3,31.4,107.0,85.0,89.1,81.4,428,176,392.0,109,25.8,12.0,11,2.6,2.0
511,"Reddick, Josh",2017,0.314,0.484,17.8,38.3,110.2,87.7,90.6,85.8,422,195,386.0,131,31.6,14.6,16,3.8,3.0
512,"Severino, Pedro",2019,0.249,0.42,13.2,35.7,111.0,87.6,92.0,84.3,430,172,402.0,79,33.6,12.8,20,8.5,5.9
513,"Smith, Seth",2017,0.258,0.433,9.9,36.9,112.4,89.8,94.9,84.7,428,184,400.0,103,40.9,15.9,18,7.1,4.8
514,"Sogard, Eric",2019,0.29,0.457,19.3,40.7,102.9,85.7,88.3,83.6,414,187,378.0,69,20.4,10.1,7,2.1,1.6
515,"Spangenberg, Cory",2017,0.264,0.401,9.9,35.4,108.8,87.1,91.6,83.5,432,156,406.0,91,29.0,10.2,14,4.4,2.9
516,"Aguilar, Jesús",2019,0.236,0.389,13.8,33.8,112.2,89.4,93.2,87.1,446,175,402.0,92,38.3,13.7,18,7.5,4.9
517,"Alberto, Hanser",2019,0.305,0.422,11.9,32.5,103.6,84.4,86.9,83.2,418,156,395.0,89,18.5,8.5,14,2.9,2.5
518,"Andrus, Elvis",2019,0.275,0.393,7.2,32.5,110.2,88.4,90.6,87.6,447,151,402.0,178,34.8,15.2,18,3.5,2.8
519,"Bader, Harrison",2018,0.264,0.422,13.7,34.6,113.6,87.1,91.6,83.9,431,177,403.0,80,30.8,10.0,18,6.9,4.2
520,"Bader, Harrison",2019,0.205,0.366,15.3,31.3,111.2,88.4,94.2,83.9,454,195,411.0,82,35.3,11.4,23,9.9,5.7
521,"Bauers, Jake",2019,0.226,0.371,15.0,31.5,109.5,88.1,91.0,87.0,450,174,393.0,86,33.1,11.6,13,5.0,3.1
522,"Beckham, Tim",2018,0.23,0.374,9.8,31.6,111.2,87.1,92.2,83.6,431,158,405.0,96,35.3,12.9,16,5.9,4.0
523,"Bell, Josh",2018,0.261,0.411,9.4,29.6,115.6,90.2,94.2,88.5,432,160,402.0,157,39.3,15.4,28,7.0,4.8
524,"Cabrera, Miguel",2019,0.282,0.398,12.3,38.2,111.4,90.3,92.3,89.1,453,173,396.0,173,44.7,17.2,25,6.4,4.6
525,"Castro, Starlin",2018,0.278,0.4,8.4,32.0,109.3,88.5,91.9,87.1,427,154,400.0,172,36.2,15.5,33,6.9,5.1
526,"Cervelli, Francisco",2018,0.259,0.431,16.3,35.8,110.2,88.8,93.6,84.5,428,183,383.0,101,39.8,15.4,21,8.3,5.2
527,"Davis, Chris",2019,0.179,0.326,14.1,39.8,108.4,89.1,93.1,84.0,417,193,390.0,67,39.2,10.9,18,10.5,5.1
528,"Flowers, Tyler",2017,0.281,0.445,11.2,32.1,112.8,89.6,93.2,87.1,447,169,395.0,95,40.1,13.8,15,6.3,4.1
529,"Galvis, Freddy",2017,0.255,0.382,15.2,32.8,106.0,86.3,90.1,82.9,417,179,387.0,118,23.5,9.1,12,2.4,1.8
530,"Gardner, Brett",2018,0.236,0.368,9.4,30.6,110.1,88.0,91.7,86.4,426,156,386.0,142,32.9,15.2,12,2.8,2.0
531,"Gomes, Yan",2019,0.223,0.389,18.1,32.0,107.6,87.6,91.6,84.6,447,190,406.0,83,36.1,11.8,16,6.9,4.5
532,"Goodrum, Niko",2019,0.248,0.421,13.0,37.3,109.4,89.3,92.5,86.8,419,176,381.0,119,41.8,12.6,18,6.3,3.8
533,"Granderson, Curtis",2019,0.183,0.356,19.4,38.5,107.0,88.8,92.9,82.8,439,196,393.0,77,34.8,12.3,16,7.2,4.4
534,"Headley, Chase",2017,0.273,0.406,11.7,36.9,107.9,87.2,90.3,84.9,435,170,396.0,129,33.2,12.5,18,4.6,3.1
535,"Kipnis, Jason",2017,0.232,0.414,17.5,37.9,107.8,86.2,91.1,81.9,416,196,391.0,86,31.6,12.9,13,4.8,3.5
536,"Mahtook, Mikie",2017,0.276,0.457,10.2,32.8,111.9,88.4,92.0,85.6,448,171,410.0,103,38.0,15.3,15,5.5,4.0
537,"Maldonado, Martín",2019,0.213,0.378,12.7,26.0,110.1,88.1,93.6,85.0,425,158,383.0,85,34.6,13.1,19,7.6,5.1
538,"Margot, Manuel",2019,0.234,0.387,14.2,27.8,109.6,87.7,91.0,88.0,417,152,391.0,109,34.8,14.2,11,3.5,2.5
539,"Merrifield, Whit",2018,0.304,0.438,16.9,40.7,106.4,87.0,91.1,83.2,430,183,401.0,163,31.2,12.5,24,4.6,3.4
540,"Murphy, Daniel",2018,0.299,0.454,16.2,42.3,106.9,87.6,89.4,87.1,425,195,394.0,84,29.0,13.0,14,4.8,4.0
541,"Newman, Kevin",2019,0.308,0.446,8.5,33.4,107.1,85.3,87.9,83.7,426,150,399.0,107,24.8,11.2,9,2.1,1.7
542,"Núñez, Eduardo",2017,0.313,0.46,6.3,25.2,111.5,86.4,91.2,84.7,412,139,388.0,134,32.4,14.6,7,1.7,1.4
543,"Owings, Chris",2017,0.268,0.442,12.4,33.8,108.4,86.6,90.5,83.6,442,166,407.0,77,27.6,10.0,10,3.6,2.6
544,"Peralta, David",2019,0.275,0.461,6.4,29.1,113.2,90.1,94.5,88.0,448,149,409.0,121,40.9,15.4,16,5.4,3.8
545,"Phegley, Josh",2019,0.239,0.411,17.4,34.5,106.3,84.1,89.1,78.7,413,186,382.0,62,24.3,10.2,8,3.1,2.3
546,"Posey, Buster",2017,0.32,0.462,11.6,36.5,109.6,88.7,92.5,84.7,431,178,387.0,150,34.8,16.4,15,3.5,2.6
547,"Ruiz, Rio",2019,0.232,0.376,11.3,33.7,107.8,88.4,93.3,85.1,427,159,388.0,104,36.5,14.0,8,2.8,1.9
548,"Russell, Addison",2017,0.239,0.418,14.8,35.6,110.0,88.0,91.0,85.3,437,188,401.0,92,35.2,12.4,15,5.7,3.9
549,"Sánchez, Yolmer",2017,0.267,0.413,10.4,32.6,106.5,84.8,89.0,82.0,422,159,399.0,94,24.6,9.3,13,3.4,2.4
550,"Segura, Jean",2019,0.28,0.42,7.2,31.0,113.1,88.2,90.6,87.8,427,149,389.0,166,32.7,15.7,16,3.2,2.6
551,"Senzel, Nick",2019,0.256,0.427,11.1,31.6,107.6,87.8,92.0,85.6,422,162,390.0,104,38.2,13.0,22,8.0,5.3
552,"Span, Denard",2017,0.272,0.427,11.0,34.2,108.5,85.3,89.3,83.5,420,164,392.0,108,25.1,12.0,14,3.3,2.6
553,"Suzuki, Kurt",2018,0.271,0.444,18.4,33.2,106.0,87.2,91.2,84.0,415,182,382.0,108,35.0,15.2,12,3.9,3.1
554,"Taylor, Chris",2019,0.262,0.462,13.8,38.8,108.3,86.0,90.0,81.0,426,183,399.0,82,32.3,9.6,14,5.4,3.4
555,"Verdugo, Alex",2019,0.294,0.475,9.0,33.7,111.3,89.4,93.1,88.0,459,162,400.0,117,39.7,17.9,17,5.7,4.5
556,"Votto, Joey",2018,0.284,0.419,13.4,45.9,107.5,88.1,92.5,81.4,417,192,383.0,142,35.1,14.3,27,6.7,4.3
557,"Williams, Nick",2017,0.288,0.473,7.8,37.3,109.2,88.1,93.4,83.6,445,161,397.0,91,41.4,12.7,17,7.7,5.0
558,"Zobrist, Ben",2017,0.232,0.375,9.3,29.0,106.9,87.2,90.7,85.1,425,158,393.0,119,32.2,15.5,17,4.6,3.4
559,"Anderson, Brian",2018,0.273,0.4,8.7,29.2,113.3,90.2,93.0,89.6,434,149,398.0,196,42.4,16.0,27,5.8,4.0
560,"Barnhart, Tucker",2019,0.231,0.38,11.8,32.8,107.5,86.4,90.2,84.2,415,166,380.0,63,27.9,9.6,7,3.0,1.9
561,"Bauers, Jake",2018,0.201,0.384,12.1,33.9,110.0,87.6,93.1,83.5,420,171,397.0,71,31.3,10.9,16,7.0,4.1
562,"Bote, David",2019,0.257,0.422,7.7,34.9,113.8,89.7,93.1,87.8,469,162,404.0,77,36.3,11.7,12,5.7,3.4
563,"Brinson, Lewis",2018,0.199,0.338,7.5,27.3,113.6,89.5,93.7,87.0,429,150,411.0,103,39.2,12.2,23,8.7,5.7
564,"Cain, Lorenzo",2019,0.26,0.372,6.9,31.1,110.4,89.5,91.6,89.2,433,148,403.0,190,42.1,16.9,19,4.1,3.0
565,"Crawford, Brandon",2019,0.228,0.35,8.3,36.7,106.7,87.8,92.8,83.9,443,161,401.0,136,35.1,12.2,21,5.4,3.8
566,"Dozier, Hunter",2018,0.229,0.395,12.9,33.1,112.9,89.5,93.8,85.8,439,182,401.0,102,40.2,13.4,27,10.6,7.0
567,"Edman, Tommy",2019,0.304,0.5,14.2,37.4,110.1,87.4,90.6,85.8,421,177,387.0,89,33.6,13.5,14,5.3,4.0
568,"Flores, Wilmer",2018,0.267,0.417,17.4,32.6,108.5,86.4,89.7,85.8,422,180,384.0,95,27.3,12.5,10,2.8,2.3
569,"Gamel, Ben",2017,0.275,0.413,10.9,33.2,108.5,86.3,90.2,83.4,414,166,385.0,114,29.3,11.6,16,4.1,2.9
570,"Gyorko, Jedd",2018,0.262,0.416,15.2,35.6,107.7,87.3,92.1,81.8,425,181,390.0,88,31.7,12.0,21,7.6,5.2
571,"Hedges, Austin",2019,0.176,0.311,21.6,32.0,108.7,86.7,92.0,81.7,449,193,403.0,67,32.5,9.5,17,8.3,4.9
572,"Heyward, Jason",2017,0.259,0.389,11.4,29.3,112.7,86.6,90.7,85.6,434,161,397.0,115,31.3,14.3,15,4.1,3.1
573,"Iannetta, Chris",2018,0.224,0.385,13.6,36.6,114.5,92.0,96.0,87.5,469,189,421.0,94,43.7,14.5,20,9.3,5.6
574,"Inciarte, Ender",2017,0.304,0.409,10.2,34.3,102.7,82.8,87.5,78.7,434,152,382.0,75,13.1,5.6,3,0.5,0.4
575,"Jones, JaCoby",2018,0.207,0.364,12.7,35.2,112.3,88.8,92.6,87.0,422,175,385.0,103,35.5,11.3,17,5.9,3.6
576,"Moran, Colin",2018,0.277,0.407,10.7,38.2,107.8,88.2,92.4,85.0,416,165,399.0,122,35.9,14.2,18,5.3,3.9
577,"Myers, Wil",2018,0.253,0.446,9.4,38.8,112.9,90.5,95.5,86.1,450,171,402.0,100,45.7,15.1,16,7.3,4.7
578,"Polanco, Gregory",2017,0.251,0.391,13.1,30.3,112.1,86.5,91.6,84.6,434,174,407.0,98,30.6,12.7,12,3.8,2.9
579,"Ramírez, Harold",2019,0.276,0.416,3.8,29.0,113.0,88.9,92.0,87.8,433,136,389.0,115,34.7,12.7,21,6.3,4.7
580,"Rojas, Miguel",2018,0.252,0.346,9.3,35.2,106.6,84.7,87.1,84.0,431,145,390.0,101,23.8,10.5,4,0.9,0.8
581,"Segura, Jean",2017,0.3,0.427,6.7,32.8,109.1,87.6,90.6,86.0,428,149,390.0,152,34.5,14.1,14,3.2,2.5
582,"Simmons, Andrelton",2018,0.292,0.417,7.8,27.9,109.7,88.2,92.0,87.4,402,149,382.0,186,36.3,20.6,21,4.1,3.5
583,"Span, Denard",2018,0.261,0.419,13.3,36.7,108.1,87.2,89.3,86.7,415,169,391.0,108,29.6,12.9,10,2.7,2.0
584,"Travis, Devon",2018,0.232,0.381,7.8,31.4,111.5,88.4,92.1,87.2,428,147,393.0,110,37.8,16.3,15,5.1,4.0
585,"Turner, Trea",2017,0.284,0.451,7.1,29.1,111.9,89.1,94.0,86.3,437,160,402.0,130,39.2,17.4,18,5.4,4.0
586,"Villar, Jonathan",2017,0.241,0.372,3.1,26.6,114.7,88.3,93.6,85.9,450,140,395.0,93,34.2,10.8,15,5.5,3.4
587,"Walker, Neil",2018,0.219,0.354,13.7,42.8,107.0,88.1,92.4,83.2,436,192,402.0,88,33.3,12.2,16,6.1,4.0
588,"Wong, Kolten",2019,0.285,0.423,12.6,28.1,107.7,86.1,89.3,85.1,432,164,396.0,102,25.4,10.6,9,2.2,1.6
589,"Alfaro, Jorge",2018,0.262,0.407,8.4,35.3,116.6,91.7,94.5,90.0,446,166,420.0,91,44.2,11.2,22,10.6,5.8
590,"Barnhart, Tucker",2018,0.248,0.372,12.4,35.1,106.6,87.1,90.9,84.9,421,162,382.0,112,30.3,12.5,13,3.5,2.5
591,"Bogaerts, Xander",2017,0.273,0.403,8.1,26.7,113.9,87.3,90.8,86.5,437,145,401.0,138,30.2,12.9,6,1.3,0.9
592,"Cain, Lorenzo",2018,0.308,0.417,4.9,30.9,112.4,89.1,91.0,88.6,431,139,402.0,181,40.5,17.4,15,3.4,2.4
593,"Canó, Robinson",2018,0.303,0.471,8.2,37.4,113.4,93.0,94.9,92.5,419,162,399.0,136,51.5,22.7,22,8.3,6.3
594,"Castro, Jason",2017,0.242,0.388,13.2,39.6,109.6,87.2,91.2,83.6,433,177,405.0,80,32.0,10.9,17,6.8,4.2
595,"Contreras, Willson",2018,0.249,0.39,8.0,28.9,114.1,88.2,92.9,85.5,435,155,392.0,119,33.3,11.3,26,7.3,4.8
596,"Descalso, Daniel",2017,0.233,0.395,13.0,37.7,107.4,87.2,92.4,81.6,416,195,400.0,75,29.2,11.7,13,5.1,3.3
597,"Frazier, Adam",2018,0.277,0.456,10.4,34.5,105.5,88.0,90.2,86.8,413,163,383.0,84,31.5,13.7,11,4.1,3.1
598,"Frazier, Adam",2019,0.278,0.417,13.1,36.2,106.1,87.1,89.4,86.0,423,174,391.0,136,28.3,12.3,9,1.9,1.5
599,"Freese, David",2017,0.263,0.371,3.1,31.2,110.2,88.9,94.0,86.1,449,141,397.0,134,42.9,14.9,20,6.4,4.0
600,"Inciarte, Ender",2018,0.265,0.38,10.9,32.6,105.0,84.9,87.9,83.0,433,156,380.0,97,18.7,8.0,8,1.5,1.2
601,"Martin, Russell",2018,0.194,0.325,10.1,22.7,108.7,90.6,95.4,90.0,424,147,389.0,89,43.0,17.6,13,6.3,3.7
602,"Martinez, Victor",2017,0.255,0.372,13.3,37.8,107.1,88.7,92.7,85.1,420,182,381.0,114,34.5,14.7,18,5.4,4.1
603,"Martínez, José",2019,0.269,0.41,6.9,36.6,110.8,88.9,93.6,85.3,440,159,412.0,99,39.3,14.6,18,7.1,4.8
604,"Maybin, Cameron",2017,0.228,0.365,4.6,29.0,109.2,87.2,91.3,85.1,430,144,393.0,99,32.7,14.4,10,3.3,2.2
605,"Molina, Yadier",2019,0.27,0.399,13.9,40.7,106.2,87.4,91.7,83.4,429,179,400.0,125,35.0,13.8,14,3.8,3.1
606,"Núñez, Eduardo",2018,0.265,0.388,9.4,27.2,110.2,88.3,90.4,89.6,411,148,383.0,148,35.7,16.2,14,3.4,2.8
607,"Panik, Joe",2017,0.288,0.421,11.4,32.9,108.0,85.0,89.9,81.2,426,167,390.0,111,23.9,11.8,12,2.6,2.1
608,"Parra, Gerardo",2017,0.309,0.452,8.3,37.7,106.1,86.0,90.8,81.2,436,171,398.0,99,29.7,12.4,7,2.1,1.6
609,"Pirela, José",2017,0.288,0.49,6.0,29.5,112.9,89.3,94.0,86.0,450,161,410.0,95,39.1,15.5,11,4.5,3.2
610,"Segura, Jean",2018,0.304,0.415,7.8,29.8,111.6,87.7,90.3,86.9,420,145,399.0,170,32.3,15.7,19,3.6,3.0
611,"Semien, Marcus",2017,0.249,0.398,17.2,37.9,106.5,87.1,91.1,82.9,406,189,382.0,78,30.0,10.9,12,4.6,3.1
612,"Stewart, Christin",2019,0.233,0.388,19.1,37.1,112.0,86.9,91.6,81.1,419,196,402.0,92,34.1,11.5,20,7.4,4.8
613,"Wieters, Matt",2017,0.225,0.344,12.4,34.3,106.0,85.7,91.1,81.2,434,171,410.0,96,29.3,11.0,13,3.9,2.8
614,"Wilkerson, Stevie",2019,0.225,0.383,11.1,33.5,104.9,86.3,91.0,83.5,423,161,392.0,68,30.4,10.0,8,3.6,2.2
615,"Brantley, Michael",2017,0.299,0.444,9.9,33.9,110.2,88.4,91.8,87.0,423,159,401.0,105,36.1,17.1,12,4.1,3.2
616,"Bruce, Jay",2018,0.223,0.37,21.4,37.6,109.0,88.4,92.6,84.0,412,205,390.0,85,34.8,12.1,22,9.0,6.1
617,"Goins, Ryan",2017,0.237,0.356,9.9,27.1,107.0,86.2,90.8,83.9,439,153,400.0,98,29.6,12.8,10,3.0,2.2
618,"Gómez, Carlos",2018,0.208,0.336,19.8,32.4,113.1,87.1,90.2,86.7,424,179,399.0,76,29.3,9.2,13,5.0,3.2
619,"Gordon, Alex",2017,0.208,0.315,13.8,34.6,109.6,86.3,92.4,80.6,433,172,390.0,110,31.3,10.5,16,4.5,3.0
620,"Grossman, Robbie",2017,0.246,0.38,12.2,37.1,109.8,86.4,89.9,83.8,422,178,400.0,82,26.8,11.7,9,2.9,2.0
621,"Hernández, César",2017,0.294,0.421,4.5,33.3,107.8,85.7,89.9,83.1,407,150,390.0,121,29.7,12.7,12,2.9,2.1
622,"Maldonado, Martín",2018,0.225,0.351,14.7,30.8,108.9,85.7,90.0,83.0,425,168,397.0,74,26.5,9.5,14,5.0,3.5
623,"Markakis, Nick",2019,0.285,0.42,7.3,34.1,114.7,91.2,92.5,91.0,418,157,392.0,160,44.3,20.4,11,3.0,2.3
624,"Martinez, Victor",2018,0.251,0.353,14.1,35.1,107.6,87.8,90.8,85.7,416,181,384.0,130,30.6,13.9,20,4.7,3.9
625,"Miller, Brad",2017,0.201,0.337,11.1,26.7,112.7,89.3,94.0,86.3,445,178,412.0,89,38.4,11.8,14,6.0,3.4
626,"Piña, Manny",2017,0.279,0.424,17.6,40.0,108.2,87.1,90.6,84.1,434,194,397.0,76,29.8,10.6,10,3.9,2.8
627,"Piscotty, Stephen",2017,0.235,0.367,10.3,35.8,109.3,86.1,91.6,81.7,443,171,402.0,88,34.9,11.6,17,6.6,4.2
628,"Rosario, Amed",2018,0.256,0.381,7.9,32.4,109.5,87.8,90.4,87.0,437,151,405.0,141,32.3,12.2,17,3.9,2.9
629,"Tapia, Raimel",2019,0.275,0.415,7.5,36.5,107.1,87.6,90.0,86.0,440,158,402.0,103,31.6,10.8,12,3.7,2.7
630,"Wong, Kolten",2018,0.249,0.388,9.1,25.5,107.1,87.6,91.1,85.9,409,149,386.0,93,30.9,14.5,10,3.3,2.5
631,"Zobrist, Ben",2018,0.305,0.44,9.0,35.0,107.5,89.9,91.7,88.8,423,163,386.0,156,38.7,18.8,12,3.0,2.3
632,"Candelario, Jeimer",2019,0.203,0.337,15.8,32.9,114.2,88.2,92.2,86.1,467,186,402.0,80,33.8,11.3,14,5.9,3.6
633,"Harrison, Josh",2018,0.25,0.363,15.7,36.0,105.1,85.9,90.3,81.7,421,180,386.0,74,26.1,9.7,11,3.9,2.9
634,"Heyward, Jason",2018,0.27,0.395,9.6,29.7,110.7,88.3,91.2,88.8,423,163,396.0,149,38.8,17.9,11,2.9,2.3
635,"Kingery, Scott",2018,0.226,0.338,17.4,38.4,109.1,86.2,90.2,80.8,405,188,378.0,103,31.5,10.2,17,5.1,3.5
636,"LeMahieu, DJ",2017,0.31,0.409,3.3,31.7,109.2,89.3,92.5,87.6,433,138,390.0,218,41.4,19.6,10,1.9,1.5
637,"Margot, Manuel",2018,0.245,0.384,11.5,33.8,112.9,89.4,92.8,88.9,424,168,396.0,146,37.0,16.4,13,3.3,2.5
638,"Markakis, Nick",2017,0.275,0.384,8.8,34.0,114.4,88.3,91.5,86.5,429,160,391.0,167,34.7,15.1,16,3.3,2.4
639,"McCann, James",2018,0.22,0.314,16.2,37.7,111.4,87.8,91.5,87.0,437,177,394.0,117,37.4,13.4,16,5.1,3.5
640,"Sánchez, Yolmer",2018,0.242,0.372,9.3,34.9,110.3,86.7,91.2,84.2,449,157,405.0,132,28.3,10.5,14,3.0,2.1
641,"Utley, Chase",2017,0.236,0.405,11.0,36.9,107.7,86.9,91.7,81.5,424,187,398.0,72,28.5,13.9,11,4.3,3.1
642,"Walker, Neil",2019,0.261,0.395,11.7,40.6,106.2,86.2,89.1,83.5,428,177,400.0,81,31.0,11.6,17,6.5,4.5
643,"Aybar, Erick",2017,0.234,0.348,7.5,30.2,105.2,82.7,87.4,79.4,413,144,388.0,44,15.8,6.8,5,1.8,1.4
644,"Barnhart, Tucker",2017,0.27,0.403,9.7,36.1,104.5,86.2,91.4,81.7,444,166,401.0,79,25.6,10.7,7,2.3,1.7
645,"Cabrera, Melky",2019,0.28,0.399,8.9,32.5,110.2,88.2,89.9,88.4,433,152,394.0,111,33.0,15.6,7,2.1,1.8
646,"Crawford, J.P.",2019,0.226,0.371,12.4,34.7,108.6,85.0,87.3,84.0,427,156,384.0,66,24.8,8.9,9,3.4,2.3
647,"Desmond, Ian",2017,0.274,0.375,0.0,22.5,111.6,87.6,93.1,85.2,421,124,381.0,80,31.3,12.2,7,2.7,1.9
648,"Difo, Wilmer",2018,0.23,0.35,12.8,33.9,104.2,83.1,87.0,80.4,403,156,380.0,63,19.0,7.2,8,2.4,1.8
649,"Dyson, Jarrod",2019,0.23,0.32,9.6,28.4,105.5,83.9,88.4,81.2,403,139,389.0,69,21.8,9.4,5,1.6,1.1
650,"Ellsbury, Jacoby",2017,0.264,0.402,10.0,33.2,108.4,85.6,90.1,83.1,420,164,375.0,75,25.4,11.1,8,2.7,2.0
651,"Escobar, Yunel",2017,0.274,0.397,2.3,31.8,111.7,89.0,93.6,86.3,438,147,412.0,117,39.1,18.4,15,5.0,3.9
652,"Forsythe, Logan",2019,0.227,0.353,12.3,39.7,107.1,89.2,92.7,85.2,432,184,399.0,87,40.1,16.0,12,5.5,3.3
653,"Gamel, Ben",2019,0.248,0.373,9.9,35.4,111.1,88.2,91.2,85.4,421,171,398.0,78,38.0,12.9,8,3.8,2.2
654,"Holt, Brock",2018,0.277,0.411,6.8,33.2,105.9,87.9,90.9,86.3,426,152,402.0,77,30.8,13.9,9,3.6,2.5
655,"Kiermaier, Kevin",2018,0.217,0.37,7.5,26.1,110.2,86.0,90.7,83.8,416,143,394.0,71,29.0,10.4,11,4.5,3.0
656,"Mauer, Joe",2017,0.305,0.417,6.2,35.7,108.2,90.6,94.8,87.4,413,155,395.0,206,46.3,21.6,20,4.5,3.4
657,"Pedroia, Dustin",2017,0.293,0.392,10.5,33.2,101.9,85.2,88.6,83.6,395,155,381.0,76,21.1,9.9,4,1.1,0.9
658,"Posey, Buster",2019,0.257,0.368,9.1,32.4,107.6,88.6,92.6,85.6,435,159,399.0,122,36.3,14.7,16,4.8,3.6
659,"Rengifo, Luis",2019,0.238,0.364,9.6,31.0,108.6,87.1,90.6,85.4,427,151,412.0,79,29.9,10.6,16,6.0,3.9
660,"Simmons, Andrelton",2019,0.264,0.364,9.5,18.8,108.8,87.8,89.6,88.8,410,135,386.0,119,33.6,17.8,6,1.7,1.4
661,"Wendle, Joey",2018,0.3,0.435,10.7,31.8,110.1,88.8,91.7,87.5,420,165,400.0,144,35.7,15.6,11,2.7,2.0
662,"Adrianza, Ehire",2018,0.251,0.379,16.4,34.4,107.1,86.6,90.3,83.2,405,182,388.0,79,30.6,11.5,13,5.0,3.6
663,"Andrus, Elvis",2018,0.256,0.367,8.7,30.8,109.7,87.2,90.0,86.3,428,152,404.0,101,30.5,12.7,14,4.2,3.3
664,"Barney, Darwin",2017,0.232,0.327,11.7,32.0,101.7,82.7,87.1,80.1,401,152,373.0,34,12.2,5.1,1,0.4,0.3
665,"DeShields, Delino",2017,0.269,0.367,11.5,28.2,104.4,83.6,89.1,79.6,407,158,398.0,62,21.9,8.5,8,2.8,1.8
666,"Engel, Adam",2018,0.235,0.336,14.7,27.3,113.4,87.0,91.7,85.3,423,170,399.0,100,32.5,10.9,8,2.6,1.7
667,"Escobar, Alcides",2017,0.25,0.357,14.0,34.1,105.3,84.0,88.5,80.5,411,172,385.0,106,21.0,8.8,11,2.2,1.7
668,"Fletcher, David",2019,0.29,0.384,9.9,37.5,104.5,83.8,86.5,82.8,413,162,375.0,90,17.1,9.4,1,0.2,0.2
669,"Forsythe, Logan",2017,0.224,0.327,12.1,40.1,103.6,88.9,92.3,85.5,442,187,409.0,88,34.4,14.1,10,3.9,2.3
670,"Frazier, Adam",2017,0.276,0.399,9.2,37.1,111.9,85.8,87.9,84.3,432,158,401.0,84,24.2,10.4,7,2.0,1.5
671,"Grossman, Robbie",2019,0.24,0.348,12.1,36.0,110.6,87.7,90.0,86.3,423,174,389.0,103,30.9,14.1,8,2.4,1.7
672,"Heredia, Guillermo",2017,0.249,0.337,10.2,29.0,107.8,84.6,88.2,83.2,409,151,387.0,74,22.8,10.4,5,1.5,1.2
673,"Lucroy, Jonathan",2017,0.265,0.371,7.8,31.9,106.7,85.0,87.5,84.1,435,151,416.0,91,24.3,11.7,9,2.4,1.9
674,"Mauer, Joe",2018,0.282,0.379,4.4,36.9,107.6,91.1,95.0,88.1,427,154,406.0,174,44.3,21.8,20,5.0,3.7
675,"Mercer, Jordy",2018,0.251,0.381,13.1,40.8,110.1,87.6,90.6,85.4,443,174,402.0,99,31.8,13.3,15,4.8,3.4
676,"Parra, Gerardo",2018,0.284,0.372,9.2,34.4,105.5,86.8,90.2,84.3,433,156,402.0,88,26.6,10.8,9,2.7,2.0
677,"Peraza, José",2019,0.239,0.346,17.3,32.5,109.4,85.0,87.5,85.2,432,177,384.0,78,25.6,10.6,1,0.3,0.2
678,"Smith, Mallex",2019,0.227,0.335,7.3,29.0,105.7,85.2,88.6,83.4,398,144,379.0,74,20.1,6.8,8,2.2,1.4
679,"Swanson, Dansby",2017,0.232,0.324,8.3,31.2,107.6,86.9,91.6,83.8,419,155,395.0,120,32.5,12.3,11,3.0,2.0
680,"Taylor, Michael A.",2018,0.227,0.357,8.1,27.2,110.8,88.5,93.1,85.5,425,153,392.0,82,34.3,10.5,15,6.3,3.9
681,"Castro, Harold",2019,0.291,0.384,8.5,36.1,105.0,87.2,91.6,83.4,408,148,389.0,77,28.4,10.9,10,3.6,2.7
682,"Davis, Rajai",2017,0.235,0.348,11.3,34.1,107.0,86.0,90.9,82.9,410,167,387.0,63,24.8,9.3,6,2.4,1.6
683,"Difo, Wilmer",2017,0.271,0.37,6.7,32.3,110.3,84.5,89.7,80.9,445,142,422.0,68,26.1,9.5,6,2.3,1.6
684,"Dyson, Jarrod",2017,0.251,0.35,9.5,30.3,104.5,82.4,87.4,80.7,407,143,387.0,55,18.5,8.8,5,1.7,1.3
685,"Eaton, Adam",2018,0.301,0.411,9.0,33.9,109.4,87.7,90.3,86.5,408,152,396.0,78,30.4,12.1,8,3.1,2.2
686,"Grossman, Robbie",2018,0.273,0.384,15.1,34.1,108.6,87.1,89.7,86.2,422,173,394.0,89,28.4,11.9,7,2.2,1.5
687,"Panik, Joe",2019,0.244,0.336,12.8,33.8,106.2,86.8,89.6,85.3,414,171,390.0,102,25.8,12.9,8,2.0,1.6
688,"Peraza, José",2017,0.259,0.324,11.2,32.5,106.9,82.8,84.3,83.2,445,154,406.0,84,20.0,8.8,7,1.7,1.4
689,"Pirela, José",2018,0.249,0.345,4.7,25.1,112.1,89.0,91.2,89.3,424,132,408.0,129,37.4,15.3,12,3.4,2.5
690,"Posey, Buster",2018,0.284,0.382,10.3,35.2,108.1,89.1,91.8,87.0,421,165,398.0,121,34.9,16.3,18,5.2,4.0
691,"Rojas, Miguel",2019,0.284,0.379,9.1,31.9,109.2,87.4,89.3,86.3,415,155,399.0,123,28.8,14.0,11,2.6,2.1
692,"Russell, Addison",2018,0.25,0.34,11.8,36.4,108.2,86.7,90.0,84.1,409,174,379.0,86,26.5,9.8,7,2.2,1.5
693,"Vázquez, Christian",2017,0.29,0.404,8.0,34.5,105.7,85.2,88.6,82.5,409,157,398.0,58,22.2,9.6,7,2.7,2.0
694,"Asuaje, Carlos",2017,0.27,0.362,14.3,36.7,103.1,84.5,89.4,80.1,420,169,393.0,44,18.8,7.2,4,1.7,1.2
695,"DeShields, Delino",2019,0.249,0.347,13.5,32.6,104.0,86.9,90.9,84.2,398,164,384.0,65,24.3,9.0,6,2.2,1.5
696,"Duffy, Matt",2018,0.294,0.366,4.8,33.7,104.9,86.8,90.0,85.2,410,134,403.0,116,28.1,11.7,5,1.2,0.9
697,"Escobar, Alcides",2018,0.231,0.313,10.6,30.0,105.5,84.6,88.2,82.1,398,155,386.0,91,21.5,9.0,9,2.1,1.7
698,"Garcia, Greg",2019,0.248,0.354,4.3,28.6,108.3,85.8,88.7,84.0,423,129,389.0,62,27.0,11.4,6,2.6,1.6
699,"Hamilton, Billy",2017,0.247,0.335,10.2,32.2,103.7,80.5,84.3,78.7,405,148,376.0,53,11.7,4.5,2,0.4,0.3
700,"Hamilton, Billy",2018,0.236,0.327,15.3,36.3,101.9,80.5,83.0,79.2,392,159,375.0,32,8.5,3.1,2,0.5,0.4
701,"Jankowski, Travis",2018,0.259,0.346,3.3,26.8,104.3,85.6,85.6,86.5,415,119,385.0,52,19.3,8.1,2,0.7,0.5
702,"Kiner-Falefa, Isiah",2018,0.261,0.357,7.0,28.7,107.9,84.9,86.1,85.4,393,132,373.0,71,23.7,11.5,2,0.7,0.5
703,"Lucroy, Jonathan",2018,0.241,0.325,13.5,37.0,106.6,86.9,90.1,85.7,408,169,386.0,98,27.5,12.8,8,2.2,1.8
704,"Maybin, Cameron",2018,0.249,0.336,7.9,34.6,111.0,86.7,90.7,84.1,429,153,416.0,89,33.1,14.2,11,4.1,2.9
705,"Panik, Joe",2018,0.254,0.332,9.9,32.4,108.1,86.6,88.3,86.7,400,154,374.0,98,29.7,15.5,9,2.7,2.3
706,"Romine, Andrew",2017,0.233,0.336,7.9,33.7,105.4,83.7,88.2,80.7,397,158,389.0,68,26.7,9.6,4,1.6,1.1
707,"Strange-Gordon, Dee",2018,0.268,0.349,5.8,30.2,104.7,83.2,85.1,82.3,388,130,365.0,61,12.5,5.6,1,0.2,0.2
708,"Wong, Kolten",2017,0.285,0.412,9.7,32.9,109.7,86.4,90.0,84.5,425,155,413.0,85,28.9,12.2,9,3.0,2.2
709,"Arcia, Orlando",2018,0.236,0.307,4.0,24.3,107.4,86.3,90.6,84.9,403,121,384.0,75,28.6,10.8,6,2.3,1.6
710,"Jackson, Austin",2018,0.245,0.326,11.1,33.5,108.6,87.0,90.5,84.9,419,158,404.0,69,32.4,9.5,6,2.8,1.6
711,"Jay, Jon",2018,0.268,0.347,4.2,31.6,105.0,85.1,89.0,82.7,413,131,387.0,94,21.4,8.5,8,1.8,1.4
712,"Strange-Gordon, Dee",2019,0.275,0.359,5.8,27.9,102.5,84.2,87.0,83.0,368,132,361.0,63,19.0,7.8,0,0.0,0.0
713,"DeShields, Delino",2018,0.216,0.281,7.9,27.3,106.3,84.3,86.9,83.6,386,143,374.0,37,14.0,5.8,3,1.1,0.8
714,"Forsythe, Logan",2018,0.232,0.291,10.4,29.4,106.1,87.3,89.6,86.4,423,151,393.0,86,29.8,14.1,3,1.0,0.7
715,"Jay, Jon",2017,0.296,0.375,10.3,40.1,104.4,85.7,87.0,84.9,394,153,376.0,69,22.7,7.8,2,0.7,0.5
716,"Lopez, Nicky",2019,0.24,0.325,3.1,22.0,105.4,85.1,86.1,85.3,398,116,393.0,64,19.5,8.5,4,1.2,1.0
717,"Sánchez, Yolmer",2019,0.252,0.321,14.2,31.9,107.5,87.1,88.8,86.9,392,165,354.0,105,27.0,9.6,4,1.0,0.7
718,"Smith, Mallex",2018,0.296,0.406,3.7,32.2,104.7,85.8,89.4,83.3,412,144,394.0,90,23.0,8.8,6,1.5,1.1
719,"Strange-Gordon, Dee",2017,0.308,0.375,2.2,27.7,104.1,81.6,85.9,79.6,395,122,380.0,63,11.2,4.8,1,0.2,0.1
720,"Wolters, Tony",2019,0.262,0.329,10.1,37.5,103.4,85.3,88.2,83.1,413,166,361.0,59,19.7,8.6,0,0.0,0.0
721,"Hamilton, Billy",2019,0.218,0.275,15.2,32.1,99.9,80.7,83.6,81.1,374,155,,17,7.3,2.5,0,0.0,0.0
722,"Hernández, Gorkys",2017,0.255,0.326,9.3,31.1,108.9,85.2,89.3,84.6,389,150,,63,26.1,9.3,4,1.7,1.1
